almacen_id,estado_id,fila,columna,accion,siguiente_estado_id,siguiente_fila,siguiente_columna,siguiente_simbolo_celda,siguiente_tipo_zona,recompensa,terminado,evento
almacen_5x5_baja,almacen_5x5_baja_r0_c0,0,0,arriba,almacen_5x5_baja_r0_c0,0,0,S,inicio_robot,-5,False,fuera_del_almacen
almacen_5x5_baja,almacen_5x5_baja_r0_c0,0,0,abajo,almacen_5x5_baja_r1_c0,1,0,.,pasillo_libre,-1,False,movimiento_por_pasillo
almacen_5x5_baja,almacen_5x5_baja_r0_c0,0,0,izquierda,almacen_5x5_baja_r0_c0,0,0,S,inicio_robot,-5,False,fuera_del_almacen
almacen_5x5_baja,almacen_5x5_baja_r0_c0,0,0,derecha,almacen_5x5_baja_r0_c1,0,1,.,pasillo_libre,-1,False,movimiento_por_pasillo
almacen_5x5_baja,almacen_5x5_baja_r0_c1,0,1,arriba,almacen_5x5_baja_r0_c1,0,1,.,pasillo_libre,-5,False,fuera_del_almacen
almacen_5x5_baja,almacen_5x5_baja_r0_c1,0,1,abajo,almacen_5x5_baja_r0_c1,0,1,.,pasillo_libre,-5,False,choque_con_estanteria
almacen_5x5_baja,almacen_5x5_baja_r0_c1,0,1,izquierda,almacen_5x5_baja_r0_c0,0,0,S,inicio_robot,-1,False,vuelve_inicio_robot
almacen_5x5_baja,almacen_5x5_baja_r0_c1,0,1,derecha,almacen_5x5_baja_r0_c2,0,2,.,pasillo_libre,-1,False,movimiento_por_pasillo
almacen_5x5_baja,almacen_5x5_baja_r0_c2,0,2,arriba,almacen_5x5_baja_r0_c2,0,2,.,pasillo_libre,-5,False,fuera_del_almacen
almacen_5x5_baja,almacen_5x5_baja_r0_c2,0,2,abajo,almacen_5x5_baja_r1_c2,1,2,.,pasillo_libre,-1,False,movimiento_por_pasillo
almacen_5x5_baja,almacen_5x5_baja_r0_c2,0,2,izquierda,almacen_5x5_baja_r0_c1,0,1,.,pasillo_libre,-1,False,movimiento_por_pasillo
almacen_5x5_baja,almacen_5x5_baja_r0_c2,0,2,derecha,almacen_5x5_baja_r0_c2,0,2,.,pasillo_libre,-5,False,choque_con_estanteria
almacen_5x5_baja,almacen_5x5_baja_r0_c4,0,4,arriba,almacen_5x5_baja_r0_c4,0,4,.,pasillo_libre,-5,False,fuera_del_almacen
almacen_5x5_baja,almacen_5x5_baja_r0_c4,0,4,abajo,almacen_5x5_baja_r1_c4,1,4,.,pasillo_libre,-1,False,movimiento_por_pasillo
almacen_5x5_baja,almacen_5x5_baja_r0_c4,0,4,izquierda,almacen_5x5_baja_r0_c4,0,4,.,pasillo_libre,-5,False,choque_con_estanteria
almacen_5x5_baja,almacen_5x5_baja_r0_c4,0,4,derecha,almacen_5x5_baja_r0_c4,0,4,.,pasillo_libre,-5,False,fuera_del_almacen
almacen_5x5_baja,almacen_5x5_baja_r1_c0,1,0,arriba,almacen_5x5_baja_r0_c0,0,0,S,inicio_robot,-1,False,vuelve_inicio_robot
almacen_5x5_baja,almacen_5x5_baja_r1_c0,1,0,abajo,almacen_5x5_baja_r2_c0,2,0,.,pasillo_libre,-1,False,movimiento_por_pasillo
almacen_5x5_baja,almacen_5x5_baja_r1_c0,1,0,izquierda,almacen_5x5_baja_r1_c0,1,0,.,pasillo_libre,-5,False,fuera_del_almacen
almacen_5x5_baja,almacen_5x5_baja_r1_c0,1,0,derecha,almacen_5x5_baja_r1_c0,1,0,.,pasillo_libre,-5,False,choque_con_estanteria
almacen_5x5_baja,almacen_5x5_baja_r1_c2,1,2,arriba,almacen_5x5_baja_r0_c2,0,2,.,pasillo_libre,-1,False,movimiento_por_pasillo
almacen_5x5_baja,almacen_5x5_baja_r1_c2,1,2,abajo,almacen_5x5_baja_r2_c2,2,2,.,pasillo_libre,-1,False,movimiento_por_pasillo
almacen_5x5_baja,almacen_5x5_baja_r1_c2,1,2,izquierda,almacen_5x5_baja_r1_c2,1,2,.,pasillo_libre,-5,False,choque_con_estanteria
almacen_5x5_baja,almacen_5x5_baja_r1_c2,1,2,derecha,almacen_5x5_baja_r1_c2,1,2,.,pasillo_libre,-5,False,choque_con_estanteria
almacen_5x5_baja,almacen_5x5_baja_r1_c4,1,4,arriba,almacen_5x5_baja_r0_c4,0,4,.,pasillo_libre,-1,False,movimiento_por_pasillo
almacen_5x5_baja,almacen_5x5_baja_r1_c4,1,4,abajo,almacen_5x5_baja_r2_c4,2,4,.,pasillo_libre,-1,False,movimiento_por_pasillo
almacen_5x5_baja,almacen_5x5_baja_r1_c4,1,4,izquierda,almacen_5x5_baja_r1_c4,1,4,.,pasillo_libre,-5,False,choque_con_estanteria
almacen_5x5_baja,almacen_5x5_baja_r1_c4,1,4,derecha,almacen_5x5_baja_r1_c4,1,4,.,pasillo_libre,-5,False,fuera_del_almacen
almacen_5x5_baja,almacen_5x5_baja_r2_c0,2,0,arriba,almacen_5x5_baja_r1_c0,1,0,.,pasillo_libre,-1,False,movimiento_por_pasillo
almacen_5x5_baja,almacen_5x5_baja_r2_c0,2,0,abajo,almacen_5x5_baja_r3_c0,3,0,.,pasillo_libre,-1,False,movimiento_por_pasillo
almacen_5x5_baja,almacen_5x5_baja_r2_c0,2,0,izquierda,almacen_5x5_baja_r2_c0,2,0,.,pasillo_libre,-5,False,fuera_del_almacen
almacen_5x5_baja,almacen_5x5_baja_r2_c0,2,0,derecha,almacen_5x5_baja_r2_c0,2,0,.,pasillo_libre,-5,False,choque_con_estanteria
almacen_5x5_baja,almacen_5x5_baja_r2_c2,2,2,arriba,almacen_5x5_baja_r1_c2,1,2,.,pasillo_libre,-1,False,movimiento_por_pasillo
almacen_5x5_baja,almacen_5x5_baja_r2_c2,2,2,abajo,almacen_5x5_baja_r3_c2,3,2,R,zona_congestionada,-10,False,entra_zona_congestionada
almacen_5x5_baja,almacen_5x5_baja_r2_c2,2,2,izquierda,almacen_5x5_baja_r2_c2,2,2,.,pasillo_libre,-5,False,choque_con_estanteria
almacen_5x5_baja,almacen_5x5_baja_r2_c2,2,2,derecha,almacen_5x5_baja_r2_c3,2,3,.,pasillo_libre,-1,False,movimiento_por_pasillo
almacen_5x5_baja,almacen_5x5_baja_r2_c3,2,3,arriba,almacen_5x5_baja_r2_c3,2,3,.,pasillo_libre,-5,False,choque_con_estanteria
almacen_5x5_baja,almacen_5x5_baja_r2_c3,2,3,abajo,almacen_5x5_baja_r2_c3,2,3,.,pasillo_libre,-5,False,choque_con_estanteria
almacen_5x5_baja,almacen_5x5_baja_r2_c3,2,3,izquierda,almacen_5x5_baja_r2_c2,2,2,.,pasillo_libre,-1,False,movimiento_por_pasillo
almacen_5x5_baja,almacen_5x5_baja_r2_c3,2,3,derecha,almacen_5x5_baja_r2_c4,2,4,.,pasillo_libre,-1,False,movimiento_por_pasillo
almacen_5x5_baja,almacen_5x5_baja_r2_c4,2,4,arriba,almacen_5x5_baja_r1_c4,1,4,.,pasillo_libre,-1,False,movimiento_por_pasillo
almacen_5x5_baja,almacen_5x5_baja_r2_c4,2,4,abajo,almacen_5x5_baja_r3_c4,3,4,.,pasillo_libre,-1,False,movimiento_por_pasillo
almacen_5x5_baja,almacen_5x5_baja_r2_c4,2,4,izquierda,almacen_5x5_baja_r2_c3,2,3,.,pasillo_libre,-1,False,movimiento_por_pasillo
almacen_5x5_baja,almacen_5x5_baja_r2_c4,2,4,derecha,almacen_5x5_baja_r2_c4,2,4,.,pasillo_libre,-5,False,fuera_del_almacen
almacen_5x5_baja,almacen_5x5_baja_r3_c0,3,0,arriba,almacen_5x5_baja_r2_c0,2,0,.,pasillo_libre,-1,False,movimiento_por_pasillo
almacen_5x5_baja,almacen_5x5_baja_r3_c0,3,0,abajo,almacen_5x5_baja_r3_c0,3,0,.,pasillo_libre,-5,False,choque_con_estanteria
almacen_5x5_baja,almacen_5x5_baja_r3_c0,3,0,izquierda,almacen_5x5_baja_r3_c0,3,0,.,pasillo_libre,-5,False,fuera_del_almacen
almacen_5x5_baja,almacen_5x5_baja_r3_c0,3,0,derecha,almacen_5x5_baja_r3_c1,3,1,.,pasillo_libre,-1,False,movimiento_por_pasillo
almacen_5x5_baja,almacen_5x5_baja_r3_c1,3,1,arriba,almacen_5x5_baja_r3_c1,3,1,.,pasillo_libre,-5,False,choque_con_estanteria
almacen_5x5_baja,almacen_5x5_baja_r3_c1,3,1,abajo,almacen_5x5_baja_r4_c1,4,1,.,pasillo_libre,-1,False,movimiento_por_pasillo
almacen_5x5_baja,almacen_5x5_baja_r3_c1,3,1,izquierda,almacen_5x5_baja_r3_c0,3,0,.,pasillo_libre,-1,False,movimiento_por_pasillo
almacen_5x5_baja,almacen_5x5_baja_r3_c1,3,1,derecha,almacen_5x5_baja_r3_c2,3,2,R,zona_congestionada,-10,False,entra_zona_congestionada
almacen_5x5_baja,almacen_5x5_baja_r3_c2,3,2,arriba,almacen_5x5_baja_r2_c2,2,2,.,pasillo_libre,-1,False,movimiento_por_pasillo
almacen_5x5_baja,almacen_5x5_baja_r3_c2,3,2,abajo,almacen_5x5_baja_r4_c2,4,2,.,pasillo_libre,-1,False,movimiento_por_pasillo
almacen_5x5_baja,almacen_5x5_baja_r3_c2,3,2,izquierda,almacen_5x5_baja_r3_c1,3,1,.,pasillo_libre,-1,False,movimiento_por_pasillo
almacen_5x5_baja,almacen_5x5_baja_r3_c2,3,2,derecha,almacen_5x5_baja_r3_c2,3,2,R,zona_congestionada,-5,False,choque_con_estanteria
almacen_5x5_baja,almacen_5x5_baja_r3_c4,3,4,arriba,almacen_5x5_baja_r2_c4,2,4,.,pasillo_libre,-1,False,movimiento_por_pasillo
almacen_5x5_baja,almacen_5x5_baja_r3_c4,3,4,abajo,almacen_5x5_baja_r4_c4,4,4,G,zona_entrega,100,True,llega_zona_entrega
almacen_5x5_baja,almacen_5x5_baja_r3_c4,3,4,izquierda,almacen_5x5_baja_r3_c4,3,4,.,pasillo_libre,-5,False,choque_con_estanteria
almacen_5x5_baja,almacen_5x5_baja_r3_c4,3,4,derecha,almacen_5x5_baja_r3_c4,3,4,.,pasillo_libre,-5,False,fuera_del_almacen
almacen_5x5_baja,almacen_5x5_baja_r4_c1,4,1,arriba,almacen_5x5_baja_r3_c1,3,1,.,pasillo_libre,-1,False,movimiento_por_pasillo
almacen_5x5_baja,almacen_5x5_baja_r4_c1,4,1,abajo,almacen_5x5_baja_r4_c1,4,1,.,pasillo_libre,-5,False,fuera_del_almacen
almacen_5x5_baja,almacen_5x5_baja_r4_c1,4,1,izquierda,almacen_5x5_baja_r4_c1,4,1,.,pasillo_libre,-5,False,choque_con_estanteria
almacen_5x5_baja,almacen_5x5_baja_r4_c1,4,1,derecha,almacen_5x5_baja_r4_c2,4,2,.,pasillo_libre,-1,False,movimiento_por_pasillo
almacen_5x5_baja,almacen_5x5_baja_r4_c2,4,2,arriba,almacen_5x5_baja_r3_c2,3,2,R,zona_congestionada,-10,False,entra_zona_congestionada
almacen_5x5_baja,almacen_5x5_baja_r4_c2,4,2,abajo,almacen_5x5_baja_r4_c2,4,2,.,pasillo_libre,-5,False,fuera_del_almacen
almacen_5x5_baja,almacen_5x5_baja_r4_c2,4,2,izquierda,almacen_5x5_baja_r4_c1,4,1,.,pasillo_libre,-1,False,movimiento_por_pasillo
almacen_5x5_baja,almacen_5x5_baja_r4_c2,4,2,derecha,almacen_5x5_baja_r4_c3,4,3,.,pasillo_libre,-1,False,movimiento_por_pasillo
almacen_5x5_baja,almacen_5x5_baja_r4_c3,4,3,arriba,almacen_5x5_baja_r4_c3,4,3,.,pasillo_libre,-5,False,choque_con_estanteria
almacen_5x5_baja,almacen_5x5_baja_r4_c3,4,3,abajo,almacen_5x5_baja_r4_c3,4,3,.,pasillo_libre,-5,False,fuera_del_almacen
almacen_5x5_baja,almacen_5x5_baja_r4_c3,4,3,izquierda,almacen_5x5_baja_r4_c2,4,2,.,pasillo_libre,-1,False,movimiento_por_pasillo
almacen_5x5_baja,almacen_5x5_baja_r4_c3,4,3,derecha,almacen_5x5_baja_r4_c4,4,4,G,zona_entrega,100,True,llega_zona_entrega
almacen_5x5_baja,almacen_5x5_baja_r4_c4,4,4,arriba,almacen_5x5_baja_r4_c4,4,4,G,zona_entrega,0,True,estado_terminal
almacen_5x5_baja,almacen_5x5_baja_r4_c4,4,4,abajo,almacen_5x5_baja_r4_c4,4,4,G,zona_entrega,0,True,estado_terminal
almacen_5x5_baja,almacen_5x5_baja_r4_c4,4,4,izquierda,almacen_5x5_baja_r4_c4,4,4,G,zona_entrega,0,True,estado_terminal
almacen_5x5_baja,almacen_5x5_baja_r4_c4,4,4,derecha,almacen_5x5_baja_r4_c4,4,4,G,zona_entrega,0,True,estado_terminal
almacen_8x8_media,almacen_8x8_media_r0_c0,0,0,arriba,almacen_8x8_media_r0_c0,0,0,S,inicio_robot,-5,False,fuera_del_almacen
almacen_8x8_media,almacen_8x8_media_r0_c0,0,0,abajo,almacen_8x8_media_r1_c0,1,0,.,pasillo_libre,-1,False,movimiento_por_pasillo
almacen_8x8_media,almacen_8x8_media_r0_c0,0,0,izquierda,almacen_8x8_media_r0_c0,0,0,S,inicio_robot,-5,False,fuera_del_almacen
almacen_8x8_media,almacen_8x8_media_r0_c0,0,0,derecha,almacen_8x8_media_r0_c1,0,1,.,pasillo_libre,-1,False,movimiento_por_pasillo
almacen_8x8_media,almacen_8x8_media_r0_c1,0,1,arriba,almacen_8x8_media_r0_c1,0,1,.,pasillo_libre,-5,False,fuera_del_almacen
almacen_8x8_media,almacen_8x8_media_r0_c1,0,1,abajo,almacen_8x8_media_r0_c1,0,1,.,pasillo_libre,-5,False,choque_con_estanteria
almacen_8x8_media,almacen_8x8_media_r0_c1,0,1,izquierda,almacen_8x8_media_r0_c0,0,0,S,inicio_robot,-1,False,vuelve_inicio_robot
almacen_8x8_media,almacen_8x8_media_r0_c1,0,1,derecha,almacen_8x8_media_r0_c2,0,2,.,pasillo_libre,-1,False,movimiento_por_pasillo
almacen_8x8_media,almacen_8x8_media_r0_c2,0,2,arriba,almacen_8x8_media_r0_c2,0,2,.,pasillo_libre,-5,False,fuera_del_almacen
almacen_8x8_media,almacen_8x8_media_r0_c2,0,2,abajo,almacen_8x8_media_r0_c2,0,2,.,pasillo_libre,-5,False,choque_con_estanteria
almacen_8x8_media,almacen_8x8_media_r0_c2,0,2,izquierda,almacen_8x8_media_r0_c1,0,1,.,pasillo_libre,-1,False,movimiento_por_pasillo
almacen_8x8_media,almacen_8x8_media_r0_c2,0,2,derecha,almacen_8x8_media_r0_c3,0,3,.,pasillo_libre,-1,False,movimiento_por_pasillo
almacen_8x8_media,almacen_8x8_media_r0_c3,0,3,arriba,almacen_8x8_media_r0_c3,0,3,.,pasillo_libre,-5,False,fuera_del_almacen
almacen_8x8_media,almacen_8x8_media_r0_c3,0,3,abajo,almacen_8x8_media_r1_c3,1,3,.,pasillo_libre,-1,False,movimiento_por_pasillo
almacen_8x8_media,almacen_8x8_media_r0_c3,0,3,izquierda,almacen_8x8_media_r0_c2,0,2,.,pasillo_libre,-1,False,movimiento_por_pasillo
almacen_8x8_media,almacen_8x8_media_r0_c3,0,3,derecha,almacen_8x8_media_r0_c3,0,3,.,pasillo_libre,-5,False,choque_con_estanteria
almacen_8x8_media,almacen_8x8_media_r0_c5,0,5,arriba,almacen_8x8_media_r0_c5,0,5,.,pasillo_libre,-5,False,fuera_del_almacen
almacen_8x8_media,almacen_8x8_media_r0_c5,0,5,abajo,almacen_8x8_media_r1_c5,1,5,.,pasillo_libre,-1,False,movimiento_por_pasillo
almacen_8x8_media,almacen_8x8_media_r0_c5,0,5,izquierda,almacen_8x8_media_r0_c5,0,5,.,pasillo_libre,-5,False,choque_con_estanteria
almacen_8x8_media,almacen_8x8_media_r0_c5,0,5,derecha,almacen_8x8_media_r0_c6,0,6,.,pasillo_libre,-1,False,movimiento_por_pasillo
almacen_8x8_media,almacen_8x8_media_r0_c6,0,6,arriba,almacen_8x8_media_r0_c6,0,6,.,pasillo_libre,-5,False,fuera_del_almacen
almacen_8x8_media,almacen_8x8_media_r0_c6,0,6,abajo,almacen_8x8_media_r0_c6,0,6,.,pasillo_libre,-5,False,choque_con_estanteria
almacen_8x8_media,almacen_8x8_media_r0_c6,0,6,izquierda,almacen_8x8_media_r0_c5,0,5,.,pasillo_libre,-1,False,movimiento_por_pasillo
almacen_8x8_media,almacen_8x8_media_r0_c6,0,6,derecha,almacen_8x8_media_r0_c7,0,7,.,pasillo_libre,-1,False,movimiento_por_pasillo
almacen_8x8_media,almacen_8x8_media_r0_c7,0,7,arriba,almacen_8x8_media_r0_c7,0,7,.,pasillo_libre,-5,False,fuera_del_almacen
almacen_8x8_media,almacen_8x8_media_r0_c7,0,7,abajo,almacen_8x8_media_r1_c7,1,7,.,pasillo_libre,-1,False,movimiento_por_pasillo
almacen_8x8_media,almacen_8x8_media_r0_c7,0,7,izquierda,almacen_8x8_media_r0_c6,0,6,.,pasillo_libre,-1,False,movimiento_por_pasillo
almacen_8x8_media,almacen_8x8_media_r0_c7,0,7,derecha,almacen_8x8_media_r0_c7,0,7,.,pasillo_libre,-5,False,fuera_del_almacen
almacen_8x8_media,almacen_8x8_media_r1_c0,1,0,arriba,almacen_8x8_media_r0_c0,0,0,S,inicio_robot,-1,False,vuelve_inicio_robot
almacen_8x8_media,almacen_8x8_media_r1_c0,1,0,abajo,almacen_8x8_media_r2_c0,2,0,.,pasillo_libre,-1,False,movimiento_por_pasillo
almacen_8x8_media,almacen_8x8_media_r1_c0,1,0,izquierda,almacen_8x8_media_r1_c0,1,0,.,pasillo_libre,-5,False,fuera_del_almacen
almacen_8x8_media,almacen_8x8_media_r1_c0,1,0,derecha,almacen_8x8_media_r1_c0,1,0,.,pasillo_libre,-5,False,choque_con_estanteria
almacen_8x8_media,almacen_8x8_media_r1_c3,1,3,arriba,almacen_8x8_media_r0_c3,0,3,.,pasillo_libre,-1,False,movimiento_por_pasillo
almacen_8x8_media,almacen_8x8_media_r1_c3,1,3,abajo,almacen_8x8_media_r1_c3,1,3,.,pasillo_libre,-5,False,choque_con_estanteria
almacen_8x8_media,almacen_8x8_media_r1_c3,1,3,izquierda,almacen_8x8_media_r1_c3,1,3,.,pasillo_libre,-5,False,choque_con_estanteria
almacen_8x8_media,almacen_8x8_media_r1_c3,1,3,derecha,almacen_8x8_media_r1_c3,1,3,.,pasillo_libre,-5,False,choque_con_estanteria
almacen_8x8_media,almacen_8x8_media_r1_c5,1,5,arriba,almacen_8x8_media_r0_c5,0,5,.,pasillo_libre,-1,False,movimiento_por_pasillo
almacen_8x8_media,almacen_8x8_media_r1_c5,1,5,abajo,almacen_8x8_media_r2_c5,2,5,.,pasillo_libre,-1,False,movimiento_por_pasillo
almacen_8x8_media,almacen_8x8_media_r1_c5,1,5,izquierda,almacen_8x8_media_r1_c5,1,5,.,pasillo_libre,-5,False,choque_con_estanteria
almacen_8x8_media,almacen_8x8_media_r1_c5,1,5,derecha,almacen_8x8_media_r1_c5,1,5,.,pasillo_libre,-5,False,choque_con_estanteria
almacen_8x8_media,almacen_8x8_media_r1_c7,1,7,arriba,almacen_8x8_media_r0_c7,0,7,.,pasillo_libre,-1,False,movimiento_por_pasillo
almacen_8x8_media,almacen_8x8_media_r1_c7,1,7,abajo,almacen_8x8_media_r2_c7,2,7,R,zona_congestionada,-10,False,entra_zona_congestionada
almacen_8x8_media,almacen_8x8_media_r1_c7,1,7,izquierda,almacen_8x8_media_r1_c7,1,7,.,pasillo_libre,-5,False,choque_con_estanteria
almacen_8x8_media,almacen_8x8_media_r1_c7,1,7,derecha,almacen_8x8_media_r1_c7,1,7,.,pasillo_libre,-5,False,fuera_del_almacen
almacen_8x8_media,almacen_8x8_media_r2_c0,2,0,arriba,almacen_8x8_media_r1_c0,1,0,.,pasillo_libre,-1,False,movimiento_por_pasillo
almacen_8x8_media,almacen_8x8_media_r2_c0,2,0,abajo,almacen_8x8_media_r2_c0,2,0,.,pasillo_libre,-5,False,choque_con_estanteria
almacen_8x8_media,almacen_8x8_media_r2_c0,2,0,izquierda,almacen_8x8_media_r2_c0,2,0,.,pasillo_libre,-5,False,fuera_del_almacen
almacen_8x8_media,almacen_8x8_media_r2_c0,2,0,derecha,almacen_8x8_media_r2_c1,2,1,.,pasillo_libre,-1,False,movimiento_por_pasillo
almacen_8x8_media,almacen_8x8_media_r2_c1,2,1,arriba,almacen_8x8_media_r2_c1,2,1,.,pasillo_libre,-5,False,choque_con_estanteria
almacen_8x8_media,almacen_8x8_media_r2_c1,2,1,abajo,almacen_8x8_media_r3_c1,3,1,.,pasillo_libre,-1,False,movimiento_por_pasillo
almacen_8x8_media,almacen_8x8_media_r2_c1,2,1,izquierda,almacen_8x8_media_r2_c0,2,0,.,pasillo_libre,-1,False,movimiento_por_pasillo
almacen_8x8_media,almacen_8x8_media_r2_c1,2,1,derecha,almacen_8x8_media_r2_c2,2,2,.,pasillo_libre,-1,False,movimiento_por_pasillo
almacen_8x8_media,almacen_8x8_media_r2_c2,2,2,arriba,almacen_8x8_media_r2_c2,2,2,.,pasillo_libre,-5,False,choque_con_estanteria
almacen_8x8_media,almacen_8x8_media_r2_c2,2,2,abajo,almacen_8x8_media_r2_c2,2,2,.,pasillo_libre,-5,False,choque_con_estanteria
almacen_8x8_media,almacen_8x8_media_r2_c2,2,2,izquierda,almacen_8x8_media_r2_c1,2,1,.,pasillo_libre,-1,False,movimiento_por_pasillo
almacen_8x8_media,almacen_8x8_media_r2_c2,2,2,derecha,almacen_8x8_media_r2_c2,2,2,.,pasillo_libre,-5,False,choque_con_estanteria
almacen_8x8_media,almacen_8x8_media_r2_c4,2,4,arriba,almacen_8x8_media_r2_c4,2,4,.,pasillo_libre,-5,False,choque_con_estanteria
almacen_8x8_media,almacen_8x8_media_r2_c4,2,4,abajo,almacen_8x8_media_r2_c4,2,4,.,pasillo_libre,-5,False,choque_con_estanteria
almacen_8x8_media,almacen_8x8_media_r2_c4,2,4,izquierda,almacen_8x8_media_r2_c4,2,4,.,pasillo_libre,-5,False,choque_con_estanteria
almacen_8x8_media,almacen_8x8_media_r2_c4,2,4,derecha,almacen_8x8_media_r2_c5,2,5,.,pasillo_libre,-1,False,movimiento_por_pasillo
almacen_8x8_media,almacen_8x8_media_r2_c5,2,5,arriba,almacen_8x8_media_r1_c5,1,5,.,pasillo_libre,-1,False,movimiento_por_pasillo
almacen_8x8_media,almacen_8x8_media_r2_c5,2,5,abajo,almacen_8x8_media_r3_c5,3,5,.,pasillo_libre,-1,False,movimiento_por_pasillo
almacen_8x8_media,almacen_8x8_media_r2_c5,2,5,izquierda,almacen_8x8_media_r2_c4,2,4,.,pasillo_libre,-1,False,movimiento_por_pasillo
almacen_8x8_media,almacen_8x8_media_r2_c5,2,5,derecha,almacen_8x8_media_r2_c6,2,6,.,pasillo_libre,-1,False,movimiento_por_pasillo
almacen_8x8_media,almacen_8x8_media_r2_c6,2,6,arriba,almacen_8x8_media_r2_c6,2,6,.,pasillo_libre,-5,False,choque_con_estanteria
almacen_8x8_media,almacen_8x8_media_r2_c6,2,6,abajo,almacen_8x8_media_r2_c6,2,6,.,pasillo_libre,-5,False,choque_con_estanteria
almacen_8x8_media,almacen_8x8_media_r2_c6,2,6,izquierda,almacen_8x8_media_r2_c5,2,5,.,pasillo_libre,-1,False,movimiento_por_pasillo
almacen_8x8_media,almacen_8x8_media_r2_c6,2,6,derecha,almacen_8x8_media_r2_c7,2,7,R,zona_congestionada,-10,False,entra_zona_congestionada
almacen_8x8_media,almacen_8x8_media_r2_c7,2,7,arriba,almacen_8x8_media_r1_c7,1,7,.,pasillo_libre,-1,False,movimiento_por_pasillo
almacen_8x8_media,almacen_8x8_media_r2_c7,2,7,abajo,almacen_8x8_media_r3_c7,3,7,.,pasillo_libre,-1,False,movimiento_por_pasillo
almacen_8x8_media,almacen_8x8_media_r2_c7,2,7,izquierda,almacen_8x8_media_r2_c6,2,6,.,pasillo_libre,-1,False,movimiento_por_pasillo
almacen_8x8_media,almacen_8x8_media_r2_c7,2,7,derecha,almacen_8x8_media_r2_c7,2,7,R,zona_congestionada,-5,False,fuera_del_almacen
almacen_8x8_media,almacen_8x8_media_r3_c1,3,1,arriba,almacen_8x8_media_r2_c1,2,1,.,pasillo_libre,-1,False,movimiento_por_pasillo
almacen_8x8_media,almacen_8x8_media_r3_c1,3,1,abajo,almacen_8x8_media_r4_c1,4,1,.,pasillo_libre,-1,False,movimiento_por_pasillo
almacen_8x8_media,almacen_8x8_media_r3_c1,3,1,izquierda,almacen_8x8_media_r3_c1,3,1,.,pasillo_libre,-5,False,choque_con_estanteria
almacen_8x8_media,almacen_8x8_media_r3_c1,3,1,derecha,almacen_8x8_media_r3_c1,3,1,.,pasillo_libre,-5,False,choque_con_estanteria
almacen_8x8_media,almacen_8x8_media_r3_c5,3,5,arriba,almacen_8x8_media_r2_c5,2,5,.,pasillo_libre,-1,False,movimiento_por_pasillo
almacen_8x8_media,almacen_8x8_media_r3_c5,3,5,abajo,almacen_8x8_media_r4_c5,4,5,.,pasillo_libre,-1,False,movimiento_por_pasillo
almacen_8x8_media,almacen_8x8_media_r3_c5,3,5,izquierda,almacen_8x8_media_r3_c5,3,5,.,pasillo_libre,-5,False,choque_con_estanteria
almacen_8x8_media,almacen_8x8_media_r3_c5,3,5,derecha,almacen_8x8_media_r3_c5,3,5,.,pasillo_libre,-5,False,choque_con_estanteria
almacen_8x8_media,almacen_8x8_media_r3_c7,3,7,arriba,almacen_8x8_media_r2_c7,2,7,R,zona_congestionada,-10,False,entra_zona_congestionada
almacen_8x8_media,almacen_8x8_media_r3_c7,3,7,abajo,almacen_8x8_media_r4_c7,4,7,.,pasillo_libre,-1,False,movimiento_por_pasillo
almacen_8x8_media,almacen_8x8_media_r3_c7,3,7,izquierda,almacen_8x8_media_r3_c7,3,7,.,pasillo_libre,-5,False,choque_con_estanteria
almacen_8x8_media,almacen_8x8_media_r3_c7,3,7,derecha,almacen_8x8_media_r3_c7,3,7,.,pasillo_libre,-5,False,fuera_del_almacen
almacen_8x8_media,almacen_8x8_media_r4_c0,4,0,arriba,almacen_8x8_media_r4_c0,4,0,.,pasillo_libre,-5,False,choque_con_estanteria
almacen_8x8_media,almacen_8x8_media_r4_c0,4,0,abajo,almacen_8x8_media_r5_c0,5,0,.,pasillo_libre,-1,False,movimiento_por_pasillo
almacen_8x8_media,almacen_8x8_media_r4_c0,4,0,izquierda,almacen_8x8_media_r4_c0,4,0,.,pasillo_libre,-5,False,fuera_del_almacen
almacen_8x8_media,almacen_8x8_media_r4_c0,4,0,derecha,almacen_8x8_media_r4_c1,4,1,.,pasillo_libre,-1,False,movimiento_por_pasillo
almacen_8x8_media,almacen_8x8_media_r4_c1,4,1,arriba,almacen_8x8_media_r3_c1,3,1,.,pasillo_libre,-1,False,movimiento_por_pasillo
almacen_8x8_media,almacen_8x8_media_r4_c1,4,1,abajo,almacen_8x8_media_r4_c1,4,1,.,pasillo_libre,-5,False,choque_con_estanteria
almacen_8x8_media,almacen_8x8_media_r4_c1,4,1,izquierda,almacen_8x8_media_r4_c0,4,0,.,pasillo_libre,-1,False,movimiento_por_pasillo
almacen_8x8_media,almacen_8x8_media_r4_c1,4,1,derecha,almacen_8x8_media_r4_c2,4,2,R,zona_congestionada,-10,False,entra_zona_congestionada
almacen_8x8_media,almacen_8x8_media_r4_c2,4,2,arriba,almacen_8x8_media_r4_c2,4,2,R,zona_congestionada,-5,False,choque_con_estanteria
almacen_8x8_media,almacen_8x8_media_r4_c2,4,2,abajo,almacen_8x8_media_r5_c2,5,2,.,pasillo_libre,-1,False,movimiento_por_pasillo
almacen_8x8_media,almacen_8x8_media_r4_c2,4,2,izquierda,almacen_8x8_media_r4_c1,4,1,.,pasillo_libre,-1,False,movimiento_por_pasillo
almacen_8x8_media,almacen_8x8_media_r4_c2,4,2,derecha,almacen_8x8_media_r4_c3,4,3,.,pasillo_libre,-1,False,movimiento_por_pasillo
almacen_8x8_media,almacen_8x8_media_r4_c3,4,3,arriba,almacen_8x8_media_r4_c3,4,3,.,pasillo_libre,-5,False,choque_con_estanteria
almacen_8x8_media,almacen_8x8_media_r4_c3,4,3,abajo,almacen_8x8_media_r4_c3,4,3,.,pasillo_libre,-5,False,choque_con_estanteria
almacen_8x8_media,almacen_8x8_media_r4_c3,4,3,izquierda,almacen_8x8_media_r4_c2,4,2,R,zona_congestionada,-10,False,entra_zona_congestionada
almacen_8x8_media,almacen_8x8_media_r4_c3,4,3,derecha,almacen_8x8_media_r4_c4,4,4,.,pasillo_libre,-1,False,movimiento_por_pasillo
almacen_8x8_media,almacen_8x8_media_r4_c4,4,4,arriba,almacen_8x8_media_r4_c4,4,4,.,pasillo_libre,-5,False,choque_con_estanteria
almacen_8x8_media,almacen_8x8_media_r4_c4,4,4,abajo,almacen_8x8_media_r5_c4,5,4,.,pasillo_libre,-1,False,movimiento_por_pasillo
almacen_8x8_media,almacen_8x8_media_r4_c4,4,4,izquierda,almacen_8x8_media_r4_c3,4,3,.,pasillo_libre,-1,False,movimiento_por_pasillo
almacen_8x8_media,almacen_8x8_media_r4_c4,4,4,derecha,almacen_8x8_media_r4_c5,4,5,.,pasillo_libre,-1,False,movimiento_por_pasillo
almacen_8x8_media,almacen_8x8_media_r4_c5,4,5,arriba,almacen_8x8_media_r3_c5,3,5,.,pasillo_libre,-1,False,movimiento_por_pasillo
almacen_8x8_media,almacen_8x8_media_r4_c5,4,5,abajo,almacen_8x8_media_r4_c5,4,5,.,pasillo_libre,-5,False,choque_con_estanteria
almacen_8x8_media,almacen_8x8_media_r4_c5,4,5,izquierda,almacen_8x8_media_r4_c4,4,4,.,pasillo_libre,-1,False,movimiento_por_pasillo
almacen_8x8_media,almacen_8x8_media_r4_c5,4,5,derecha,almacen_8x8_media_r4_c5,4,5,.,pasillo_libre,-5,False,choque_con_estanteria
almacen_8x8_media,almacen_8x8_media_r4_c7,4,7,arriba,almacen_8x8_media_r3_c7,3,7,.,pasillo_libre,-1,False,movimiento_por_pasillo
almacen_8x8_media,almacen_8x8_media_r4_c7,4,7,abajo,almacen_8x8_media_r5_c7,5,7,.,pasillo_libre,-1,False,movimiento_por_pasillo
almacen_8x8_media,almacen_8x8_media_r4_c7,4,7,izquierda,almacen_8x8_media_r4_c7,4,7,.,pasillo_libre,-5,False,choque_con_estanteria
almacen_8x8_media,almacen_8x8_media_r4_c7,4,7,derecha,almacen_8x8_media_r4_c7,4,7,.,pasillo_libre,-5,False,fuera_del_almacen
almacen_8x8_media,almacen_8x8_media_r5_c0,5,0,arriba,almacen_8x8_media_r4_c0,4,0,.,pasillo_libre,-1,False,movimiento_por_pasillo
almacen_8x8_media,almacen_8x8_media_r5_c0,5,0,abajo,almacen_8x8_media_r6_c0,6,0,.,pasillo_libre,-1,False,movimiento_por_pasillo
almacen_8x8_media,almacen_8x8_media_r5_c0,5,0,izquierda,almacen_8x8_media_r5_c0,5,0,.,pasillo_libre,-5,False,fuera_del_almacen
almacen_8x8_media,almacen_8x8_media_r5_c0,5,0,derecha,almacen_8x8_media_r5_c0,5,0,.,pasillo_libre,-5,False,choque_con_estanteria
almacen_8x8_media,almacen_8x8_media_r5_c2,5,2,arriba,almacen_8x8_media_r4_c2,4,2,R,zona_congestionada,-10,False,entra_zona_congestionada
almacen_8x8_media,almacen_8x8_media_r5_c2,5,2,abajo,almacen_8x8_media_r6_c2,6,2,.,pasillo_libre,-1,False,movimiento_por_pasillo
almacen_8x8_media,almacen_8x8_media_r5_c2,5,2,izquierda,almacen_8x8_media_r5_c2,5,2,.,pasillo_libre,-5,False,choque_con_estanteria
almacen_8x8_media,almacen_8x8_media_r5_c2,5,2,derecha,almacen_8x8_media_r5_c2,5,2,.,pasillo_libre,-5,False,choque_con_estanteria
almacen_8x8_media,almacen_8x8_media_r5_c4,5,4,arriba,almacen_8x8_media_r4_c4,4,4,.,pasillo_libre,-1,False,movimiento_por_pasillo
almacen_8x8_media,almacen_8x8_media_r5_c4,5,4,abajo,almacen_8x8_media_r6_c4,6,4,.,pasillo_libre,-1,False,movimiento_por_pasillo
almacen_8x8_media,almacen_8x8_media_r5_c4,5,4,izquierda,almacen_8x8_media_r5_c4,5,4,.,pasillo_libre,-5,False,choque_con_estanteria
almacen_8x8_media,almacen_8x8_media_r5_c4,5,4,derecha,almacen_8x8_media_r5_c4,5,4,.,pasillo_libre,-5,False,choque_con_estanteria
almacen_8x8_media,almacen_8x8_media_r5_c6,5,6,arriba,almacen_8x8_media_r5_c6,5,6,.,pasillo_libre,-5,False,choque_con_estanteria
almacen_8x8_media,almacen_8x8_media_r5_c6,5,6,abajo,almacen_8x8_media_r6_c6,6,6,.,pasillo_libre,-1,False,movimiento_por_pasillo
almacen_8x8_media,almacen_8x8_media_r5_c6,5,6,izquierda,almacen_8x8_media_r5_c6,5,6,.,pasillo_libre,-5,False,choque_con_estanteria
almacen_8x8_media,almacen_8x8_media_r5_c6,5,6,derecha,almacen_8x8_media_r5_c7,5,7,.,pasillo_libre,-1,False,movimiento_por_pasillo
almacen_8x8_media,almacen_8x8_media_r5_c7,5,7,arriba,almacen_8x8_media_r4_c7,4,7,.,pasillo_libre,-1,False,movimiento_por_pasillo
almacen_8x8_media,almacen_8x8_media_r5_c7,5,7,abajo,almacen_8x8_media_r6_c7,6,7,.,pasillo_libre,-1,False,movimiento_por_pasillo
almacen_8x8_media,almacen_8x8_media_r5_c7,5,7,izquierda,almacen_8x8_media_r5_c6,5,6,.,pasillo_libre,-1,False,movimiento_por_pasillo
almacen_8x8_media,almacen_8x8_media_r5_c7,5,7,derecha,almacen_8x8_media_r5_c7,5,7,.,pasillo_libre,-5,False,fuera_del_almacen
almacen_8x8_media,almacen_8x8_media_r6_c0,6,0,arriba,almacen_8x8_media_r5_c0,5,0,.,pasillo_libre,-1,False,movimiento_por_pasillo
almacen_8x8_media,almacen_8x8_media_r6_c0,6,0,abajo,almacen_8x8_media_r7_c0,7,0,.,pasillo_libre,-1,False,movimiento_por_pasillo
almacen_8x8_media,almacen_8x8_media_r6_c0,6,0,izquierda,almacen_8x8_media_r6_c0,6,0,.,pasillo_libre,-5,False,fuera_del_almacen
almacen_8x8_media,almacen_8x8_media_r6_c0,6,0,derecha,almacen_8x8_media_r6_c0,6,0,.,pasillo_libre,-5,False,choque_con_estanteria
almacen_8x8_media,almacen_8x8_media_r6_c2,6,2,arriba,almacen_8x8_media_r5_c2,5,2,.,pasillo_libre,-1,False,movimiento_por_pasillo
almacen_8x8_media,almacen_8x8_media_r6_c2,6,2,abajo,almacen_8x8_media_r7_c2,7,2,.,pasillo_libre,-1,False,movimiento_por_pasillo
almacen_8x8_media,almacen_8x8_media_r6_c2,6,2,izquierda,almacen_8x8_media_r6_c2,6,2,.,pasillo_libre,-5,False,choque_con_estanteria
almacen_8x8_media,almacen_8x8_media_r6_c2,6,2,derecha,almacen_8x8_media_r6_c3,6,3,.,pasillo_libre,-1,False,movimiento_por_pasillo
almacen_8x8_media,almacen_8x8_media_r6_c3,6,3,arriba,almacen_8x8_media_r6_c3,6,3,.,pasillo_libre,-5,False,choque_con_estanteria
almacen_8x8_media,almacen_8x8_media_r6_c3,6,3,abajo,almacen_8x8_media_r6_c3,6,3,.,pasillo_libre,-5,False,choque_con_estanteria
almacen_8x8_media,almacen_8x8_media_r6_c3,6,3,izquierda,almacen_8x8_media_r6_c2,6,2,.,pasillo_libre,-1,False,movimiento_por_pasillo
almacen_8x8_media,almacen_8x8_media_r6_c3,6,3,derecha,almacen_8x8_media_r6_c4,6,4,.,pasillo_libre,-1,False,movimiento_por_pasillo
almacen_8x8_media,almacen_8x8_media_r6_c4,6,4,arriba,almacen_8x8_media_r5_c4,5,4,.,pasillo_libre,-1,False,movimiento_por_pasillo
almacen_8x8_media,almacen_8x8_media_r6_c4,6,4,abajo,almacen_8x8_media_r6_c4,6,4,.,pasillo_libre,-5,False,choque_con_estanteria
almacen_8x8_media,almacen_8x8_media_r6_c4,6,4,izquierda,almacen_8x8_media_r6_c3,6,3,.,pasillo_libre,-1,False,movimiento_por_pasillo
almacen_8x8_media,almacen_8x8_media_r6_c4,6,4,derecha,almacen_8x8_media_r6_c5,6,5,R,zona_congestionada,-10,False,entra_zona_congestionada
almacen_8x8_media,almacen_8x8_media_r6_c5,6,5,arriba,almacen_8x8_media_r6_c5,6,5,R,zona_congestionada,-5,False,choque_con_estanteria
almacen_8x8_media,almacen_8x8_media_r6_c5,6,5,abajo,almacen_8x8_media_r7_c5,7,5,.,pasillo_libre,-1,False,movimiento_por_pasillo
almacen_8x8_media,almacen_8x8_media_r6_c5,6,5,izquierda,almacen_8x8_media_r6_c4,6,4,.,pasillo_libre,-1,False,movimiento_por_pasillo
almacen_8x8_media,almacen_8x8_media_r6_c5,6,5,derecha,almacen_8x8_media_r6_c6,6,6,.,pasillo_libre,-1,False,movimiento_por_pasillo
almacen_8x8_media,almacen_8x8_media_r6_c6,6,6,arriba,almacen_8x8_media_r5_c6,5,6,.,pasillo_libre,-1,False,movimiento_por_pasillo
almacen_8x8_media,almacen_8x8_media_r6_c6,6,6,abajo,almacen_8x8_media_r7_c6,7,6,.,pasillo_libre,-1,False,movimiento_por_pasillo
almacen_8x8_media,almacen_8x8_media_r6_c6,6,6,izquierda,almacen_8x8_media_r6_c5,6,5,R,zona_congestionada,-10,False,entra_zona_congestionada
almacen_8x8_media,almacen_8x8_media_r6_c6,6,6,derecha,almacen_8x8_media_r6_c7,6,7,.,pasillo_libre,-1,False,movimiento_por_pasillo
almacen_8x8_media,almacen_8x8_media_r6_c7,6,7,arriba,almacen_8x8_media_r5_c7,5,7,.,pasillo_libre,-1,False,movimiento_por_pasillo
almacen_8x8_media,almacen_8x8_media_r6_c7,6,7,abajo,almacen_8x8_media_r7_c7,7,7,G,zona_entrega,100,True,llega_zona_entrega
almacen_8x8_media,almacen_8x8_media_r6_c7,6,7,izquierda,almacen_8x8_media_r6_c6,6,6,.,pasillo_libre,-1,False,movimiento_por_pasillo
almacen_8x8_media,almacen_8x8_media_r6_c7,6,7,derecha,almacen_8x8_media_r6_c7,6,7,.,pasillo_libre,-5,False,fuera_del_almacen
almacen_8x8_media,almacen_8x8_media_r7_c0,7,0,arriba,almacen_8x8_media_r6_c0,6,0,.,pasillo_libre,-1,False,movimiento_por_pasillo
almacen_8x8_media,almacen_8x8_media_r7_c0,7,0,abajo,almacen_8x8_media_r7_c0,7,0,.,pasillo_libre,-5,False,fuera_del_almacen
almacen_8x8_media,almacen_8x8_media_r7_c0,7,0,izquierda,almacen_8x8_media_r7_c0,7,0,.,pasillo_libre,-5,False,fuera_del_almacen
almacen_8x8_media,almacen_8x8_media_r7_c0,7,0,derecha,almacen_8x8_media_r7_c1,7,1,.,pasillo_libre,-1,False,movimiento_por_pasillo
almacen_8x8_media,almacen_8x8_media_r7_c1,7,1,arriba,almacen_8x8_media_r7_c1,7,1,.,pasillo_libre,-5,False,choque_con_estanteria
almacen_8x8_media,almacen_8x8_media_r7_c1,7,1,abajo,almacen_8x8_media_r7_c1,7,1,.,pasillo_libre,-5,False,fuera_del_almacen
almacen_8x8_media,almacen_8x8_media_r7_c1,7,1,izquierda,almacen_8x8_media_r7_c0,7,0,.,pasillo_libre,-1,False,movimiento_por_pasillo
almacen_8x8_media,almacen_8x8_media_r7_c1,7,1,derecha,almacen_8x8_media_r7_c2,7,2,.,pasillo_libre,-1,False,movimiento_por_pasillo
almacen_8x8_media,almacen_8x8_media_r7_c2,7,2,arriba,almacen_8x8_media_r6_c2,6,2,.,pasillo_libre,-1,False,movimiento_por_pasillo
almacen_8x8_media,almacen_8x8_media_r7_c2,7,2,abajo,almacen_8x8_media_r7_c2,7,2,.,pasillo_libre,-5,False,fuera_del_almacen
almacen_8x8_media,almacen_8x8_media_r7_c2,7,2,izquierda,almacen_8x8_media_r7_c1,7,1,.,pasillo_libre,-1,False,movimiento_por_pasillo
almacen_8x8_media,almacen_8x8_media_r7_c2,7,2,derecha,almacen_8x8_media_r7_c2,7,2,.,pasillo_libre,-5,False,choque_con_estanteria
almacen_8x8_media,almacen_8x8_media_r7_c5,7,5,arriba,almacen_8x8_media_r6_c5,6,5,R,zona_congestionada,-10,False,entra_zona_congestionada
almacen_8x8_media,almacen_8x8_media_r7_c5,7,5,abajo,almacen_8x8_media_r7_c5,7,5,.,pasillo_libre,-5,False,fuera_del_almacen
almacen_8x8_media,almacen_8x8_media_r7_c5,7,5,izquierda,almacen_8x8_media_r7_c5,7,5,.,pasillo_libre,-5,False,choque_con_estanteria
almacen_8x8_media,almacen_8x8_media_r7_c5,7,5,derecha,almacen_8x8_media_r7_c6,7,6,.,pasillo_libre,-1,False,movimiento_por_pasillo
almacen_8x8_media,almacen_8x8_media_r7_c6,7,6,arriba,almacen_8x8_media_r6_c6,6,6,.,pasillo_libre,-1,False,movimiento_por_pasillo
almacen_8x8_media,almacen_8x8_media_r7_c6,7,6,abajo,almacen_8x8_media_r7_c6,7,6,.,pasillo_libre,-5,False,fuera_del_almacen
almacen_8x8_media,almacen_8x8_media_r7_c6,7,6,izquierda,almacen_8x8_media_r7_c5,7,5,.,pasillo_libre,-1,False,movimiento_por_pasillo
almacen_8x8_media,almacen_8x8_media_r7_c6,7,6,derecha,almacen_8x8_media_r7_c7,7,7,G,zona_entrega,100,True,llega_zona_entrega
almacen_8x8_media,almacen_8x8_media_r7_c7,7,7,arriba,almacen_8x8_media_r7_c7,7,7,G,zona_entrega,0,True,estado_terminal
almacen_8x8_media,almacen_8x8_media_r7_c7,7,7,abajo,almacen_8x8_media_r7_c7,7,7,G,zona_entrega,0,True,estado_terminal
almacen_8x8_media,almacen_8x8_media_r7_c7,7,7,izquierda,almacen_8x8_media_r7_c7,7,7,G,zona_entrega,0,True,estado_terminal
almacen_8x8_media,almacen_8x8_media_r7_c7,7,7,derecha,almacen_8x8_media_r7_c7,7,7,G,zona_entrega,0,True,estado_terminal
almacen_10x10_alta,almacen_10x10_alta_r0_c0,0,0,arriba,almacen_10x10_alta_r0_c0,0,0,S,inicio_robot,-5,False,fuera_del_almacen
almacen_10x10_alta,almacen_10x10_alta_r0_c0,0,0,abajo,almacen_10x10_alta_r1_c0,1,0,.,pasillo_libre,-1,False,movimiento_por_pasillo
almacen_10x10_alta,almacen_10x10_alta_r0_c0,0,0,izquierda,almacen_10x10_alta_r0_c0,0,0,S,inicio_robot,-5,False,fuera_del_almacen
almacen_10x10_alta,almacen_10x10_alta_r0_c0,0,0,derecha,almacen_10x10_alta_r0_c1,0,1,.,pasillo_libre,-1,False,movimiento_por_pasillo
almacen_10x10_alta,almacen_10x10_alta_r0_c1,0,1,arriba,almacen_10x10_alta_r0_c1,0,1,.,pasillo_libre,-5,False,fuera_del_almacen
almacen_10x10_alta,almacen_10x10_alta_r0_c1,0,1,abajo,almacen_10x10_alta_r0_c1,0,1,.,pasillo_libre,-5,False,choque_con_estanteria
almacen_10x10_alta,almacen_10x10_alta_r0_c1,0,1,izquierda,almacen_10x10_alta_r0_c0,0,0,S,inicio_robot,-1,False,vuelve_inicio_robot
almacen_10x10_alta,almacen_10x10_alta_r0_c1,0,1,derecha,almacen_10x10_alta_r0_c2,0,2,.,pasillo_libre,-1,False,movimiento_por_pasillo
almacen_10x10_alta,almacen_10x10_alta_r0_c2,0,2,arriba,almacen_10x10_alta_r0_c2,0,2,.,pasillo_libre,-5,False,fuera_del_almacen
almacen_10x10_alta,almacen_10x10_alta_r0_c2,0,2,abajo,almacen_10x10_alta_r1_c2,1,2,.,pasillo_libre,-1,False,movimiento_por_pasillo
almacen_10x10_alta,almacen_10x10_alta_r0_c2,0,2,izquierda,almacen_10x10_alta_r0_c1,0,1,.,pasillo_libre,-1,False,movimiento_por_pasillo
almacen_10x10_alta,almacen_10x10_alta_r0_c2,0,2,derecha,almacen_10x10_alta_r0_c2,0,2,.,pasillo_libre,-5,False,choque_con_estanteria
almacen_10x10_alta,almacen_10x10_alta_r0_c4,0,4,arriba,almacen_10x10_alta_r0_c4,0,4,.,pasillo_libre,-5,False,fuera_del_almacen
almacen_10x10_alta,almacen_10x10_alta_r0_c4,0,4,abajo,almacen_10x10_alta_r1_c4,1,4,.,pasillo_libre,-1,False,movimiento_por_pasillo
almacen_10x10_alta,almacen_10x10_alta_r0_c4,0,4,izquierda,almacen_10x10_alta_r0_c4,0,4,.,pasillo_libre,-5,False,choque_con_estanteria
almacen_10x10_alta,almacen_10x10_alta_r0_c4,0,4,derecha,almacen_10x10_alta_r0_c5,0,5,.,pasillo_libre,-1,False,movimiento_por_pasillo
almacen_10x10_alta,almacen_10x10_alta_r0_c5,0,5,arriba,almacen_10x10_alta_r0_c5,0,5,.,pasillo_libre,-5,False,fuera_del_almacen
almacen_10x10_alta,almacen_10x10_alta_r0_c5,0,5,abajo,almacen_10x10_alta_r0_c5,0,5,.,pasillo_libre,-5,False,choque_con_estanteria
almacen_10x10_alta,almacen_10x10_alta_r0_c5,0,5,izquierda,almacen_10x10_alta_r0_c4,0,4,.,pasillo_libre,-1,False,movimiento_por_pasillo
almacen_10x10_alta,almacen_10x10_alta_r0_c5,0,5,derecha,almacen_10x10_alta_r0_c6,0,6,.,pasillo_libre,-1,False,movimiento_por_pasillo
almacen_10x10_alta,almacen_10x10_alta_r0_c6,0,6,arriba,almacen_10x10_alta_r0_c6,0,6,.,pasillo_libre,-5,False,fuera_del_almacen
almacen_10x10_alta,almacen_10x10_alta_r0_c6,0,6,abajo,almacen_10x10_alta_r0_c6,0,6,.,pasillo_libre,-5,False,choque_con_estanteria
almacen_10x10_alta,almacen_10x10_alta_r0_c6,0,6,izquierda,almacen_10x10_alta_r0_c5,0,5,.,pasillo_libre,-1,False,movimiento_por_pasillo
almacen_10x10_alta,almacen_10x10_alta_r0_c6,0,6,derecha,almacen_10x10_alta_r0_c7,0,7,.,pasillo_libre,-1,False,movimiento_por_pasillo
almacen_10x10_alta,almacen_10x10_alta_r0_c7,0,7,arriba,almacen_10x10_alta_r0_c7,0,7,.,pasillo_libre,-5,False,fuera_del_almacen
almacen_10x10_alta,almacen_10x10_alta_r0_c7,0,7,abajo,almacen_10x10_alta_r0_c7,0,7,.,pasillo_libre,-5,False,choque_con_estanteria
almacen_10x10_alta,almacen_10x10_alta_r0_c7,0,7,izquierda,almacen_10x10_alta_r0_c6,0,6,.,pasillo_libre,-1,False,movimiento_por_pasillo
almacen_10x10_alta,almacen_10x10_alta_r0_c7,0,7,derecha,almacen_10x10_alta_r0_c8,0,8,.,pasillo_libre,-1,False,movimiento_por_pasillo
almacen_10x10_alta,almacen_10x10_alta_r0_c8,0,8,arriba,almacen_10x10_alta_r0_c8,0,8,.,pasillo_libre,-5,False,fuera_del_almacen
almacen_10x10_alta,almacen_10x10_alta_r0_c8,0,8,abajo,almacen_10x10_alta_r1_c8,1,8,.,pasillo_libre,-1,False,movimiento_por_pasillo
almacen_10x10_alta,almacen_10x10_alta_r0_c8,0,8,izquierda,almacen_10x10_alta_r0_c7,0,7,.,pasillo_libre,-1,False,movimiento_por_pasillo
almacen_10x10_alta,almacen_10x10_alta_r0_c8,0,8,derecha,almacen_10x10_alta_r0_c9,0,9,.,pasillo_libre,-1,False,movimiento_por_pasillo
almacen_10x10_alta,almacen_10x10_alta_r0_c9,0,9,arriba,almacen_10x10_alta_r0_c9,0,9,.,pasillo_libre,-5,False,fuera_del_almacen
almacen_10x10_alta,almacen_10x10_alta_r0_c9,0,9,abajo,almacen_10x10_alta_r1_c9,1,9,.,pasillo_libre,-1,False,movimiento_por_pasillo
almacen_10x10_alta,almacen_10x10_alta_r0_c9,0,9,izquierda,almacen_10x10_alta_r0_c8,0,8,.,pasillo_libre,-1,False,movimiento_por_pasillo
almacen_10x10_alta,almacen_10x10_alta_r0_c9,0,9,derecha,almacen_10x10_alta_r0_c9,0,9,.,pasillo_libre,-5,False,fuera_del_almacen
almacen_10x10_alta,almacen_10x10_alta_r1_c0,1,0,arriba,almacen_10x10_alta_r0_c0,0,0,S,inicio_robot,-1,False,vuelve_inicio_robot
almacen_10x10_alta,almacen_10x10_alta_r1_c0,1,0,abajo,almacen_10x10_alta_r2_c0,2,0,.,pasillo_libre,-1,False,movimiento_por_pasillo
almacen_10x10_alta,almacen_10x10_alta_r1_c0,1,0,izquierda,almacen_10x10_alta_r1_c0,1,0,.,pasillo_libre,-5,False,fuera_del_almacen
almacen_10x10_alta,almacen_10x10_alta_r1_c0,1,0,derecha,almacen_10x10_alta_r1_c0,1,0,.,pasillo_libre,-5,False,choque_con_estanteria
almacen_10x10_alta,almacen_10x10_alta_r1_c2,1,2,arriba,almacen_10x10_alta_r0_c2,0,2,.,pasillo_libre,-1,False,movimiento_por_pasillo
almacen_10x10_alta,almacen_10x10_alta_r1_c2,1,2,abajo,almacen_10x10_alta_r2_c2,2,2,.,pasillo_libre,-1,False,movimiento_por_pasillo
almacen_10x10_alta,almacen_10x10_alta_r1_c2,1,2,izquierda,almacen_10x10_alta_r1_c2,1,2,.,pasillo_libre,-5,False,choque_con_estanteria
almacen_10x10_alta,almacen_10x10_alta_r1_c2,1,2,derecha,almacen_10x10_alta_r1_c2,1,2,.,pasillo_libre,-5,False,choque_con_estanteria
almacen_10x10_alta,almacen_10x10_alta_r1_c4,1,4,arriba,almacen_10x10_alta_r0_c4,0,4,.,pasillo_libre,-1,False,movimiento_por_pasillo
almacen_10x10_alta,almacen_10x10_alta_r1_c4,1,4,abajo,almacen_10x10_alta_r2_c4,2,4,.,pasillo_libre,-1,False,movimiento_por_pasillo
almacen_10x10_alta,almacen_10x10_alta_r1_c4,1,4,izquierda,almacen_10x10_alta_r1_c4,1,4,.,pasillo_libre,-5,False,choque_con_estanteria
almacen_10x10_alta,almacen_10x10_alta_r1_c4,1,4,derecha,almacen_10x10_alta_r1_c4,1,4,.,pasillo_libre,-5,False,choque_con_estanteria
almacen_10x10_alta,almacen_10x10_alta_r1_c8,1,8,arriba,almacen_10x10_alta_r0_c8,0,8,.,pasillo_libre,-1,False,movimiento_por_pasillo
almacen_10x10_alta,almacen_10x10_alta_r1_c8,1,8,abajo,almacen_10x10_alta_r2_c8,2,8,.,pasillo_libre,-1,False,movimiento_por_pasillo
almacen_10x10_alta,almacen_10x10_alta_r1_c8,1,8,izquierda,almacen_10x10_alta_r1_c8,1,8,.,pasillo_libre,-5,False,choque_con_estanteria
almacen_10x10_alta,almacen_10x10_alta_r1_c8,1,8,derecha,almacen_10x10_alta_r1_c9,1,9,.,pasillo_libre,-1,False,movimiento_por_pasillo
almacen_10x10_alta,almacen_10x10_alta_r1_c9,1,9,arriba,almacen_10x10_alta_r0_c9,0,9,.,pasillo_libre,-1,False,movimiento_por_pasillo
almacen_10x10_alta,almacen_10x10_alta_r1_c9,1,9,abajo,almacen_10x10_alta_r2_c9,2,9,.,pasillo_libre,-1,False,movimiento_por_pasillo
almacen_10x10_alta,almacen_10x10_alta_r1_c9,1,9,izquierda,almacen_10x10_alta_r1_c8,1,8,.,pasillo_libre,-1,False,movimiento_por_pasillo
almacen_10x10_alta,almacen_10x10_alta_r1_c9,1,9,derecha,almacen_10x10_alta_r1_c9,1,9,.,pasillo_libre,-5,False,fuera_del_almacen
almacen_10x10_alta,almacen_10x10_alta_r2_c0,2,0,arriba,almacen_10x10_alta_r1_c0,1,0,.,pasillo_libre,-1,False,movimiento_por_pasillo
almacen_10x10_alta,almacen_10x10_alta_r2_c0,2,0,abajo,almacen_10x10_alta_r3_c0,3,0,.,pasillo_libre,-1,False,movimiento_por_pasillo
almacen_10x10_alta,almacen_10x10_alta_r2_c0,2,0,izquierda,almacen_10x10_alta_r2_c0,2,0,.,pasillo_libre,-5,False,fuera_del_almacen
almacen_10x10_alta,almacen_10x10_alta_r2_c0,2,0,derecha,almacen_10x10_alta_r2_c0,2,0,.,pasillo_libre,-5,False,choque_con_estanteria
almacen_10x10_alta,almacen_10x10_alta_r2_c2,2,2,arriba,almacen_10x10_alta_r1_c2,1,2,.,pasillo_libre,-1,False,movimiento_por_pasillo
almacen_10x10_alta,almacen_10x10_alta_r2_c2,2,2,abajo,almacen_10x10_alta_r2_c2,2,2,.,pasillo_libre,-5,False,choque_con_estanteria
almacen_10x10_alta,almacen_10x10_alta_r2_c2,2,2,izquierda,almacen_10x10_alta_r2_c2,2,2,.,pasillo_libre,-5,False,choque_con_estanteria
almacen_10x10_alta,almacen_10x10_alta_r2_c2,2,2,derecha,almacen_10x10_alta_r2_c3,2,3,.,pasillo_libre,-1,False,movimiento_por_pasillo
almacen_10x10_alta,almacen_10x10_alta_r2_c3,2,3,arriba,almacen_10x10_alta_r2_c3,2,3,.,pasillo_libre,-5,False,choque_con_estanteria
almacen_10x10_alta,almacen_10x10_alta_r2_c3,2,3,abajo,almacen_10x10_alta_r2_c3,2,3,.,pasillo_libre,-5,False,choque_con_estanteria
almacen_10x10_alta,almacen_10x10_alta_r2_c3,2,3,izquierda,almacen_10x10_alta_r2_c2,2,2,.,pasillo_libre,-1,False,movimiento_por_pasillo
almacen_10x10_alta,almacen_10x10_alta_r2_c3,2,3,derecha,almacen_10x10_alta_r2_c4,2,4,.,pasillo_libre,-1,False,movimiento_por_pasillo
almacen_10x10_alta,almacen_10x10_alta_r2_c4,2,4,arriba,almacen_10x10_alta_r1_c4,1,4,.,pasillo_libre,-1,False,movimiento_por_pasillo
almacen_10x10_alta,almacen_10x10_alta_r2_c4,2,4,abajo,almacen_10x10_alta_r3_c4,3,4,.,pasillo_libre,-1,False,movimiento_por_pasillo
almacen_10x10_alta,almacen_10x10_alta_r2_c4,2,4,izquierda,almacen_10x10_alta_r2_c3,2,3,.,pasillo_libre,-1,False,movimiento_por_pasillo
almacen_10x10_alta,almacen_10x10_alta_r2_c4,2,4,derecha,almacen_10x10_alta_r2_c5,2,5,R,zona_congestionada,-10,False,entra_zona_congestionada
almacen_10x10_alta,almacen_10x10_alta_r2_c5,2,5,arriba,almacen_10x10_alta_r2_c5,2,5,R,zona_congestionada,-5,False,choque_con_estanteria
almacen_10x10_alta,almacen_10x10_alta_r2_c5,2,5,abajo,almacen_10x10_alta_r2_c5,2,5,R,zona_congestionada,-5,False,choque_con_estanteria
almacen_10x10_alta,almacen_10x10_alta_r2_c5,2,5,izquierda,almacen_10x10_alta_r2_c4,2,4,.,pasillo_libre,-1,False,movimiento_por_pasillo
almacen_10x10_alta,almacen_10x10_alta_r2_c5,2,5,derecha,almacen_10x10_alta_r2_c6,2,6,.,pasillo_libre,-1,False,movimiento_por_pasillo
almacen_10x10_alta,almacen_10x10_alta_r2_c6,2,6,arriba,almacen_10x10_alta_r2_c6,2,6,.,pasillo_libre,-5,False,choque_con_estanteria
almacen_10x10_alta,almacen_10x10_alta_r2_c6,2,6,abajo,almacen_10x10_alta_r2_c6,2,6,.,pasillo_libre,-5,False,choque_con_estanteria
almacen_10x10_alta,almacen_10x10_alta_r2_c6,2,6,izquierda,almacen_10x10_alta_r2_c5,2,5,R,zona_congestionada,-10,False,entra_zona_congestionada
almacen_10x10_alta,almacen_10x10_alta_r2_c6,2,6,derecha,almacen_10x10_alta_r2_c7,2,7,.,pasillo_libre,-1,False,movimiento_por_pasillo
almacen_10x10_alta,almacen_10x10_alta_r2_c7,2,7,arriba,almacen_10x10_alta_r2_c7,2,7,.,pasillo_libre,-5,False,choque_con_estanteria
almacen_10x10_alta,almacen_10x10_alta_r2_c7,2,7,abajo,almacen_10x10_alta_r2_c7,2,7,.,pasillo_libre,-5,False,choque_con_estanteria
almacen_10x10_alta,almacen_10x10_alta_r2_c7,2,7,izquierda,almacen_10x10_alta_r2_c6,2,6,.,pasillo_libre,-1,False,movimiento_por_pasillo
almacen_10x10_alta,almacen_10x10_alta_r2_c7,2,7,derecha,almacen_10x10_alta_r2_c8,2,8,.,pasillo_libre,-1,False,movimiento_por_pasillo
almacen_10x10_alta,almacen_10x10_alta_r2_c8,2,8,arriba,almacen_10x10_alta_r1_c8,1,8,.,pasillo_libre,-1,False,movimiento_por_pasillo
almacen_10x10_alta,almacen_10x10_alta_r2_c8,2,8,abajo,almacen_10x10_alta_r2_c8,2,8,.,pasillo_libre,-5,False,choque_con_estanteria
almacen_10x10_alta,almacen_10x10_alta_r2_c8,2,8,izquierda,almacen_10x10_alta_r2_c7,2,7,.,pasillo_libre,-1,False,movimiento_por_pasillo
almacen_10x10_alta,almacen_10x10_alta_r2_c8,2,8,derecha,almacen_10x10_alta_r2_c9,2,9,.,pasillo_libre,-1,False,movimiento_por_pasillo
almacen_10x10_alta,almacen_10x10_alta_r2_c9,2,9,arriba,almacen_10x10_alta_r1_c9,1,9,.,pasillo_libre,-1,False,movimiento_por_pasillo
almacen_10x10_alta,almacen_10x10_alta_r2_c9,2,9,abajo,almacen_10x10_alta_r3_c9,3,9,.,pasillo_libre,-1,False,movimiento_por_pasillo
almacen_10x10_alta,almacen_10x10_alta_r2_c9,2,9,izquierda,almacen_10x10_alta_r2_c8,2,8,.,pasillo_libre,-1,False,movimiento_por_pasillo
almacen_10x10_alta,almacen_10x10_alta_r2_c9,2,9,derecha,almacen_10x10_alta_r2_c9,2,9,.,pasillo_libre,-5,False,fuera_del_almacen
almacen_10x10_alta,almacen_10x10_alta_r3_c0,3,0,arriba,almacen_10x10_alta_r2_c0,2,0,.,pasillo_libre,-1,False,movimiento_por_pasillo
almacen_10x10_alta,almacen_10x10_alta_r3_c0,3,0,abajo,almacen_10x10_alta_r4_c0,4,0,.,pasillo_libre,-1,False,movimiento_por_pasillo
almacen_10x10_alta,almacen_10x10_alta_r3_c0,3,0,izquierda,almacen_10x10_alta_r3_c0,3,0,.,pasillo_libre,-5,False,fuera_del_almacen
almacen_10x10_alta,almacen_10x10_alta_r3_c0,3,0,derecha,almacen_10x10_alta_r3_c0,3,0,.,pasillo_libre,-5,False,choque_con_estanteria
almacen_10x10_alta,almacen_10x10_alta_r3_c4,3,4,arriba,almacen_10x10_alta_r2_c4,2,4,.,pasillo_libre,-1,False,movimiento_por_pasillo
almacen_10x10_alta,almacen_10x10_alta_r3_c4,3,4,abajo,almacen_10x10_alta_r4_c4,4,4,.,pasillo_libre,-1,False,movimiento_por_pasillo
almacen_10x10_alta,almacen_10x10_alta_r3_c4,3,4,izquierda,almacen_10x10_alta_r3_c4,3,4,.,pasillo_libre,-5,False,choque_con_estanteria
almacen_10x10_alta,almacen_10x10_alta_r3_c4,3,4,derecha,almacen_10x10_alta_r3_c4,3,4,.,pasillo_libre,-5,False,choque_con_estanteria
almacen_10x10_alta,almacen_10x10_alta_r3_c9,3,9,arriba,almacen_10x10_alta_r2_c9,2,9,.,pasillo_libre,-1,False,movimiento_por_pasillo
almacen_10x10_alta,almacen_10x10_alta_r3_c9,3,9,abajo,almacen_10x10_alta_r4_c9,4,9,.,pasillo_libre,-1,False,movimiento_por_pasillo
almacen_10x10_alta,almacen_10x10_alta_r3_c9,3,9,izquierda,almacen_10x10_alta_r3_c9,3,9,.,pasillo_libre,-5,False,choque_con_estanteria
almacen_10x10_alta,almacen_10x10_alta_r3_c9,3,9,derecha,almacen_10x10_alta_r3_c9,3,9,.,pasillo_libre,-5,False,fuera_del_almacen
almacen_10x10_alta,almacen_10x10_alta_r4_c0,4,0,arriba,almacen_10x10_alta_r3_c0,3,0,.,pasillo_libre,-1,False,movimiento_por_pasillo
almacen_10x10_alta,almacen_10x10_alta_r4_c0,4,0,abajo,almacen_10x10_alta_r4_c0,4,0,.,pasillo_libre,-5,False,choque_con_estanteria
almacen_10x10_alta,almacen_10x10_alta_r4_c0,4,0,izquierda,almacen_10x10_alta_r4_c0,4,0,.,pasillo_libre,-5,False,fuera_del_almacen
almacen_10x10_alta,almacen_10x10_alta_r4_c0,4,0,derecha,almacen_10x10_alta_r4_c1,4,1,.,pasillo_libre,-1,False,movimiento_por_pasillo
almacen_10x10_alta,almacen_10x10_alta_r4_c1,4,1,arriba,almacen_10x10_alta_r4_c1,4,1,.,pasillo_libre,-5,False,choque_con_estanteria
almacen_10x10_alta,almacen_10x10_alta_r4_c1,4,1,abajo,almacen_10x10_alta_r4_c1,4,1,.,pasillo_libre,-5,False,choque_con_estanteria
almacen_10x10_alta,almacen_10x10_alta_r4_c1,4,1,izquierda,almacen_10x10_alta_r4_c0,4,0,.,pasillo_libre,-1,False,movimiento_por_pasillo
almacen_10x10_alta,almacen_10x10_alta_r4_c1,4,1,derecha,almacen_10x10_alta_r4_c2,4,2,.,pasillo_libre,-1,False,movimiento_por_pasillo
almacen_10x10_alta,almacen_10x10_alta_r4_c2,4,2,arriba,almacen_10x10_alta_r4_c2,4,2,.,pasillo_libre,-5,False,choque_con_estanteria
almacen_10x10_alta,almacen_10x10_alta_r4_c2,4,2,abajo,almacen_10x10_alta_r5_c2,5,2,.,pasillo_libre,-1,False,movimiento_por_pasillo
almacen_10x10_alta,almacen_10x10_alta_r4_c2,4,2,izquierda,almacen_10x10_alta_r4_c1,4,1,.,pasillo_libre,-1,False,movimiento_por_pasillo
almacen_10x10_alta,almacen_10x10_alta_r4_c2,4,2,derecha,almacen_10x10_alta_r4_c3,4,3,R,zona_congestionada,-10,False,entra_zona_congestionada
almacen_10x10_alta,almacen_10x10_alta_r4_c3,4,3,arriba,almacen_10x10_alta_r4_c3,4,3,R,zona_congestionada,-5,False,choque_con_estanteria
almacen_10x10_alta,almacen_10x10_alta_r4_c3,4,3,abajo,almacen_10x10_alta_r4_c3,4,3,R,zona_congestionada,-5,False,choque_con_estanteria
almacen_10x10_alta,almacen_10x10_alta_r4_c3,4,3,izquierda,almacen_10x10_alta_r4_c2,4,2,.,pasillo_libre,-1,False,movimiento_por_pasillo
almacen_10x10_alta,almacen_10x10_alta_r4_c3,4,3,derecha,almacen_10x10_alta_r4_c4,4,4,.,pasillo_libre,-1,False,movimiento_por_pasillo
almacen_10x10_alta,almacen_10x10_alta_r4_c4,4,4,arriba,almacen_10x10_alta_r3_c4,3,4,.,pasillo_libre,-1,False,movimiento_por_pasillo
almacen_10x10_alta,almacen_10x10_alta_r4_c4,4,4,abajo,almacen_10x10_alta_r4_c4,4,4,.,pasillo_libre,-5,False,choque_con_estanteria
almacen_10x10_alta,almacen_10x10_alta_r4_c4,4,4,izquierda,almacen_10x10_alta_r4_c3,4,3,R,zona_congestionada,-10,False,entra_zona_congestionada
almacen_10x10_alta,almacen_10x10_alta_r4_c4,4,4,derecha,almacen_10x10_alta_r4_c5,4,5,.,pasillo_libre,-1,False,movimiento_por_pasillo
almacen_10x10_alta,almacen_10x10_alta_r4_c5,4,5,arriba,almacen_10x10_alta_r4_c5,4,5,.,pasillo_libre,-5,False,choque_con_estanteria
almacen_10x10_alta,almacen_10x10_alta_r4_c5,4,5,abajo,almacen_10x10_alta_r4_c5,4,5,.,pasillo_libre,-5,False,choque_con_estanteria
almacen_10x10_alta,almacen_10x10_alta_r4_c5,4,5,izquierda,almacen_10x10_alta_r4_c4,4,4,.,pasillo_libre,-1,False,movimiento_por_pasillo
almacen_10x10_alta,almacen_10x10_alta_r4_c5,4,5,derecha,almacen_10x10_alta_r4_c6,4,6,.,pasillo_libre,-1,False,movimiento_por_pasillo
almacen_10x10_alta,almacen_10x10_alta_r4_c6,4,6,arriba,almacen_10x10_alta_r4_c6,4,6,.,pasillo_libre,-5,False,choque_con_estanteria
almacen_10x10_alta,almacen_10x10_alta_r4_c6,4,6,abajo,almacen_10x10_alta_r4_c6,4,6,.,pasillo_libre,-5,False,choque_con_estanteria
almacen_10x10_alta,almacen_10x10_alta_r4_c6,4,6,izquierda,almacen_10x10_alta_r4_c5,4,5,.,pasillo_libre,-1,False,movimiento_por_pasillo
almacen_10x10_alta,almacen_10x10_alta_r4_c6,4,6,derecha,almacen_10x10_alta_r4_c7,4,7,.,pasillo_libre,-1,False,movimiento_por_pasillo
almacen_10x10_alta,almacen_10x10_alta_r4_c7,4,7,arriba,almacen_10x10_alta_r4_c7,4,7,.,pasillo_libre,-5,False,choque_con_estanteria
almacen_10x10_alta,almacen_10x10_alta_r4_c7,4,7,abajo,almacen_10x10_alta_r5_c7,5,7,.,pasillo_libre,-1,False,movimiento_por_pasillo
almacen_10x10_alta,almacen_10x10_alta_r4_c7,4,7,izquierda,almacen_10x10_alta_r4_c6,4,6,.,pasillo_libre,-1,False,movimiento_por_pasillo
almacen_10x10_alta,almacen_10x10_alta_r4_c7,4,7,derecha,almacen_10x10_alta_r4_c7,4,7,.,pasillo_libre,-5,False,choque_con_estanteria
almacen_10x10_alta,almacen_10x10_alta_r4_c9,4,9,arriba,almacen_10x10_alta_r3_c9,3,9,.,pasillo_libre,-1,False,movimiento_por_pasillo
almacen_10x10_alta,almacen_10x10_alta_r4_c9,4,9,abajo,almacen_10x10_alta_r5_c9,5,9,.,pasillo_libre,-1,False,movimiento_por_pasillo
almacen_10x10_alta,almacen_10x10_alta_r4_c9,4,9,izquierda,almacen_10x10_alta_r4_c9,4,9,.,pasillo_libre,-5,False,choque_con_estanteria
almacen_10x10_alta,almacen_10x10_alta_r4_c9,4,9,derecha,almacen_10x10_alta_r4_c9,4,9,.,pasillo_libre,-5,False,fuera_del_almacen
almacen_10x10_alta,almacen_10x10_alta_r5_c2,5,2,arriba,almacen_10x10_alta_r4_c2,4,2,.,pasillo_libre,-1,False,movimiento_por_pasillo
almacen_10x10_alta,almacen_10x10_alta_r5_c2,5,2,abajo,almacen_10x10_alta_r6_c2,6,2,.,pasillo_libre,-1,False,movimiento_por_pasillo
almacen_10x10_alta,almacen_10x10_alta_r5_c2,5,2,izquierda,almacen_10x10_alta_r5_c2,5,2,.,pasillo_libre,-5,False,choque_con_estanteria
almacen_10x10_alta,almacen_10x10_alta_r5_c2,5,2,derecha,almacen_10x10_alta_r5_c2,5,2,.,pasillo_libre,-5,False,choque_con_estanteria
almacen_10x10_alta,almacen_10x10_alta_r5_c7,5,7,arriba,almacen_10x10_alta_r4_c7,4,7,.,pasillo_libre,-1,False,movimiento_por_pasillo
almacen_10x10_alta,almacen_10x10_alta_r5_c7,5,7,abajo,almacen_10x10_alta_r6_c7,6,7,.,pasillo_libre,-1,False,movimiento_por_pasillo
almacen_10x10_alta,almacen_10x10_alta_r5_c7,5,7,izquierda,almacen_10x10_alta_r5_c7,5,7,.,pasillo_libre,-5,False,choque_con_estanteria
almacen_10x10_alta,almacen_10x10_alta_r5_c7,5,7,derecha,almacen_10x10_alta_r5_c7,5,7,.,pasillo_libre,-5,False,choque_con_estanteria
almacen_10x10_alta,almacen_10x10_alta_r5_c9,5,9,arriba,almacen_10x10_alta_r4_c9,4,9,.,pasillo_libre,-1,False,movimiento_por_pasillo
almacen_10x10_alta,almacen_10x10_alta_r5_c9,5,9,abajo,almacen_10x10_alta_r6_c9,6,9,.,pasillo_libre,-1,False,movimiento_por_pasillo
almacen_10x10_alta,almacen_10x10_alta_r5_c9,5,9,izquierda,almacen_10x10_alta_r5_c9,5,9,.,pasillo_libre,-5,False,choque_con_estanteria
almacen_10x10_alta,almacen_10x10_alta_r5_c9,5,9,derecha,almacen_10x10_alta_r5_c9,5,9,.,pasillo_libre,-5,False,fuera_del_almacen
almacen_10x10_alta,almacen_10x10_alta_r6_c0,6,0,arriba,almacen_10x10_alta_r6_c0,6,0,.,pasillo_libre,-5,False,choque_con_estanteria
almacen_10x10_alta,almacen_10x10_alta_r6_c0,6,0,abajo,almacen_10x10_alta_r7_c0,7,0,.,pasillo_libre,-1,False,movimiento_por_pasillo
almacen_10x10_alta,almacen_10x10_alta_r6_c0,6,0,izquierda,almacen_10x10_alta_r6_c0,6,0,.,pasillo_libre,-5,False,fuera_del_almacen
almacen_10x10_alta,almacen_10x10_alta_r6_c0,6,0,derecha,almacen_10x10_alta_r6_c1,6,1,.,pasillo_libre,-1,False,movimiento_por_pasillo
almacen_10x10_alta,almacen_10x10_alta_r6_c1,6,1,arriba,almacen_10x10_alta_r6_c1,6,1,.,pasillo_libre,-5,False,choque_con_estanteria
almacen_10x10_alta,almacen_10x10_alta_r6_c1,6,1,abajo,almacen_10x10_alta_r6_c1,6,1,.,pasillo_libre,-5,False,choque_con_estanteria
almacen_10x10_alta,almacen_10x10_alta_r6_c1,6,1,izquierda,almacen_10x10_alta_r6_c0,6,0,.,pasillo_libre,-1,False,movimiento_por_pasillo
almacen_10x10_alta,almacen_10x10_alta_r6_c1,6,1,derecha,almacen_10x10_alta_r6_c2,6,2,.,pasillo_libre,-1,False,movimiento_por_pasillo
almacen_10x10_alta,almacen_10x10_alta_r6_c2,6,2,arriba,almacen_10x10_alta_r5_c2,5,2,.,pasillo_libre,-1,False,movimiento_por_pasillo
almacen_10x10_alta,almacen_10x10_alta_r6_c2,6,2,abajo,almacen_10x10_alta_r7_c2,7,2,.,pasillo_libre,-1,False,movimiento_por_pasillo
almacen_10x10_alta,almacen_10x10_alta_r6_c2,6,2,izquierda,almacen_10x10_alta_r6_c1,6,1,.,pasillo_libre,-1,False,movimiento_por_pasillo
almacen_10x10_alta,almacen_10x10_alta_r6_c2,6,2,derecha,almacen_10x10_alta_r6_c2,6,2,.,pasillo_libre,-5,False,choque_con_estanteria
almacen_10x10_alta,almacen_10x10_alta_r6_c4,6,4,arriba,almacen_10x10_alta_r6_c4,6,4,.,pasillo_libre,-5,False,choque_con_estanteria
almacen_10x10_alta,almacen_10x10_alta_r6_c4,6,4,abajo,almacen_10x10_alta_r7_c4,7,4,.,pasillo_libre,-1,False,movimiento_por_pasillo
almacen_10x10_alta,almacen_10x10_alta_r6_c4,6,4,izquierda,almacen_10x10_alta_r6_c4,6,4,.,pasillo_libre,-5,False,choque_con_estanteria
almacen_10x10_alta,almacen_10x10_alta_r6_c4,6,4,derecha,almacen_10x10_alta_r6_c5,6,5,.,pasillo_libre,-1,False,movimiento_por_pasillo
almacen_10x10_alta,almacen_10x10_alta_r6_c5,6,5,arriba,almacen_10x10_alta_r6_c5,6,5,.,pasillo_libre,-5,False,choque_con_estanteria
almacen_10x10_alta,almacen_10x10_alta_r6_c5,6,5,abajo,almacen_10x10_alta_r6_c5,6,5,.,pasillo_libre,-5,False,choque_con_estanteria
almacen_10x10_alta,almacen_10x10_alta_r6_c5,6,5,izquierda,almacen_10x10_alta_r6_c4,6,4,.,pasillo_libre,-1,False,movimiento_por_pasillo
almacen_10x10_alta,almacen_10x10_alta_r6_c5,6,5,derecha,almacen_10x10_alta_r6_c6,6,6,R,zona_congestionada,-10,False,entra_zona_congestionada
almacen_10x10_alta,almacen_10x10_alta_r6_c6,6,6,arriba,almacen_10x10_alta_r6_c6,6,6,R,zona_congestionada,-5,False,choque_con_estanteria
almacen_10x10_alta,almacen_10x10_alta_r6_c6,6,6,abajo,almacen_10x10_alta_r6_c6,6,6,R,zona_congestionada,-5,False,choque_con_estanteria
almacen_10x10_alta,almacen_10x10_alta_r6_c6,6,6,izquierda,almacen_10x10_alta_r6_c5,6,5,.,pasillo_libre,-1,False,movimiento_por_pasillo
almacen_10x10_alta,almacen_10x10_alta_r6_c6,6,6,derecha,almacen_10x10_alta_r6_c7,6,7,.,pasillo_libre,-1,False,movimiento_por_pasillo
almacen_10x10_alta,almacen_10x10_alta_r6_c7,6,7,arriba,almacen_10x10_alta_r5_c7,5,7,.,pasillo_libre,-1,False,movimiento_por_pasillo
almacen_10x10_alta,almacen_10x10_alta_r6_c7,6,7,abajo,almacen_10x10_alta_r7_c7,7,7,.,pasillo_libre,-1,False,movimiento_por_pasillo
almacen_10x10_alta,almacen_10x10_alta_r6_c7,6,7,izquierda,almacen_10x10_alta_r6_c6,6,6,R,zona_congestionada,-10,False,entra_zona_congestionada
almacen_10x10_alta,almacen_10x10_alta_r6_c7,6,7,derecha,almacen_10x10_alta_r6_c7,6,7,.,pasillo_libre,-5,False,choque_con_estanteria
almacen_10x10_alta,almacen_10x10_alta_r6_c9,6,9,arriba,almacen_10x10_alta_r5_c9,5,9,.,pasillo_libre,-1,False,movimiento_por_pasillo
almacen_10x10_alta,almacen_10x10_alta_r6_c9,6,9,abajo,almacen_10x10_alta_r7_c9,7,9,.,pasillo_libre,-1,False,movimiento_por_pasillo
almacen_10x10_alta,almacen_10x10_alta_r6_c9,6,9,izquierda,almacen_10x10_alta_r6_c9,6,9,.,pasillo_libre,-5,False,choque_con_estanteria
almacen_10x10_alta,almacen_10x10_alta_r6_c9,6,9,derecha,almacen_10x10_alta_r6_c9,6,9,.,pasillo_libre,-5,False,fuera_del_almacen
almacen_10x10_alta,almacen_10x10_alta_r7_c0,7,0,arriba,almacen_10x10_alta_r6_c0,6,0,.,pasillo_libre,-1,False,movimiento_por_pasillo
almacen_10x10_alta,almacen_10x10_alta_r7_c0,7,0,abajo,almacen_10x10_alta_r8_c0,8,0,.,pasillo_libre,-1,False,movimiento_por_pasillo
almacen_10x10_alta,almacen_10x10_alta_r7_c0,7,0,izquierda,almacen_10x10_alta_r7_c0,7,0,.,pasillo_libre,-5,False,fuera_del_almacen
almacen_10x10_alta,almacen_10x10_alta_r7_c0,7,0,derecha,almacen_10x10_alta_r7_c0,7,0,.,pasillo_libre,-5,False,choque_con_estanteria
almacen_10x10_alta,almacen_10x10_alta_r7_c2,7,2,arriba,almacen_10x10_alta_r6_c2,6,2,.,pasillo_libre,-1,False,movimiento_por_pasillo
almacen_10x10_alta,almacen_10x10_alta_r7_c2,7,2,abajo,almacen_10x10_alta_r7_c2,7,2,.,pasillo_libre,-5,False,choque_con_estanteria
almacen_10x10_alta,almacen_10x10_alta_r7_c2,7,2,izquierda,almacen_10x10_alta_r7_c2,7,2,.,pasillo_libre,-5,False,choque_con_estanteria
almacen_10x10_alta,almacen_10x10_alta_r7_c2,7,2,derecha,almacen_10x10_alta_r7_c3,7,3,.,pasillo_libre,-1,False,movimiento_por_pasillo
almacen_10x10_alta,almacen_10x10_alta_r7_c3,7,3,arriba,almacen_10x10_alta_r7_c3,7,3,.,pasillo_libre,-5,False,choque_con_estanteria
almacen_10x10_alta,almacen_10x10_alta_r7_c3,7,3,abajo,almacen_10x10_alta_r7_c3,7,3,.,pasillo_libre,-5,False,choque_con_estanteria
almacen_10x10_alta,almacen_10x10_alta_r7_c3,7,3,izquierda,almacen_10x10_alta_r7_c2,7,2,.,pasillo_libre,-1,False,movimiento_por_pasillo
almacen_10x10_alta,almacen_10x10_alta_r7_c3,7,3,derecha,almacen_10x10_alta_r7_c4,7,4,.,pasillo_libre,-1,False,movimiento_por_pasillo
almacen_10x10_alta,almacen_10x10_alta_r7_c4,7,4,arriba,almacen_10x10_alta_r6_c4,6,4,.,pasillo_libre,-1,False,movimiento_por_pasillo
almacen_10x10_alta,almacen_10x10_alta_r7_c4,7,4,abajo,almacen_10x10_alta_r8_c4,8,4,.,pasillo_libre,-1,False,movimiento_por_pasillo
almacen_10x10_alta,almacen_10x10_alta_r7_c4,7,4,izquierda,almacen_10x10_alta_r7_c3,7,3,.,pasillo_libre,-1,False,movimiento_por_pasillo
almacen_10x10_alta,almacen_10x10_alta_r7_c4,7,4,derecha,almacen_10x10_alta_r7_c4,7,4,.,pasillo_libre,-5,False,choque_con_estanteria
almacen_10x10_alta,almacen_10x10_alta_r7_c7,7,7,arriba,almacen_10x10_alta_r6_c7,6,7,.,pasillo_libre,-1,False,movimiento_por_pasillo
almacen_10x10_alta,almacen_10x10_alta_r7_c7,7,7,abajo,almacen_10x10_alta_r8_c7,8,7,.,pasillo_libre,-1,False,movimiento_por_pasillo
almacen_10x10_alta,almacen_10x10_alta_r7_c7,7,7,izquierda,almacen_10x10_alta_r7_c7,7,7,.,pasillo_libre,-5,False,choque_con_estanteria
almacen_10x10_alta,almacen_10x10_alta_r7_c7,7,7,derecha,almacen_10x10_alta_r7_c8,7,8,.,pasillo_libre,-1,False,movimiento_por_pasillo
almacen_10x10_alta,almacen_10x10_alta_r7_c8,7,8,arriba,almacen_10x10_alta_r7_c8,7,8,.,pasillo_libre,-5,False,choque_con_estanteria
almacen_10x10_alta,almacen_10x10_alta_r7_c8,7,8,abajo,almacen_10x10_alta_r7_c8,7,8,.,pasillo_libre,-5,False,choque_con_estanteria
almacen_10x10_alta,almacen_10x10_alta_r7_c8,7,8,izquierda,almacen_10x10_alta_r7_c7,7,7,.,pasillo_libre,-1,False,movimiento_por_pasillo
almacen_10x10_alta,almacen_10x10_alta_r7_c8,7,8,derecha,almacen_10x10_alta_r7_c9,7,9,.,pasillo_libre,-1,False,movimiento_por_pasillo
almacen_10x10_alta,almacen_10x10_alta_r7_c9,7,9,arriba,almacen_10x10_alta_r6_c9,6,9,.,pasillo_libre,-1,False,movimiento_por_pasillo
almacen_10x10_alta,almacen_10x10_alta_r7_c9,7,9,abajo,almacen_10x10_alta_r8_c9,8,9,.,pasillo_libre,-1,False,movimiento_por_pasillo
almacen_10x10_alta,almacen_10x10_alta_r7_c9,7,9,izquierda,almacen_10x10_alta_r7_c8,7,8,.,pasillo_libre,-1,False,movimiento_por_pasillo
almacen_10x10_alta,almacen_10x10_alta_r7_c9,7,9,derecha,almacen_10x10_alta_r7_c9,7,9,.,pasillo_libre,-5,False,fuera_del_almacen
almacen_10x10_alta,almacen_10x10_alta_r8_c0,8,0,arriba,almacen_10x10_alta_r7_c0,7,0,.,pasillo_libre,-1,False,movimiento_por_pasillo
almacen_10x10_alta,almacen_10x10_alta_r8_c0,8,0,abajo,almacen_10x10_alta_r9_c0,9,0,.,pasillo_libre,-1,False,movimiento_por_pasillo
almacen_10x10_alta,almacen_10x10_alta_r8_c0,8,0,izquierda,almacen_10x10_alta_r8_c0,8,0,.,pasillo_libre,-5,False,fuera_del_almacen
almacen_10x10_alta,almacen_10x10_alta_r8_c0,8,0,derecha,almacen_10x10_alta_r8_c0,8,0,.,pasillo_libre,-5,False,choque_con_estanteria
almacen_10x10_alta,almacen_10x10_alta_r8_c4,8,4,arriba,almacen_10x10_alta_r7_c4,7,4,.,pasillo_libre,-1,False,movimiento_por_pasillo
almacen_10x10_alta,almacen_10x10_alta_r8_c4,8,4,abajo,almacen_10x10_alta_r9_c4,9,4,.,pasillo_libre,-1,False,movimiento_por_pasillo
almacen_10x10_alta,almacen_10x10_alta_r8_c4,8,4,izquierda,almacen_10x10_alta_r8_c4,8,4,.,pasillo_libre,-5,False,choque_con_estanteria
almacen_10x10_alta,almacen_10x10_alta_r8_c4,8,4,derecha,almacen_10x10_alta_r8_c5,8,5,.,pasillo_libre,-1,False,movimiento_por_pasillo
almacen_10x10_alta,almacen_10x10_alta_r8_c5,8,5,arriba,almacen_10x10_alta_r8_c5,8,5,.,pasillo_libre,-5,False,choque_con_estanteria
almacen_10x10_alta,almacen_10x10_alta_r8_c5,8,5,abajo,almacen_10x10_alta_r8_c5,8,5,.,pasillo_libre,-5,False,choque_con_estanteria
almacen_10x10_alta,almacen_10x10_alta_r8_c5,8,5,izquierda,almacen_10x10_alta_r8_c4,8,4,.,pasillo_libre,-1,False,movimiento_por_pasillo
almacen_10x10_alta,almacen_10x10_alta_r8_c5,8,5,derecha,almacen_10x10_alta_r8_c6,8,6,.,pasillo_libre,-1,False,movimiento_por_pasillo
almacen_10x10_alta,almacen_10x10_alta_r8_c6,8,6,arriba,almacen_10x10_alta_r8_c6,8,6,.,pasillo_libre,-5,False,choque_con_estanteria
almacen_10x10_alta,almacen_10x10_alta_r8_c6,8,6,abajo,almacen_10x10_alta_r8_c6,8,6,.,pasillo_libre,-5,False,choque_con_estanteria
almacen_10x10_alta,almacen_10x10_alta_r8_c6,8,6,izquierda,almacen_10x10_alta_r8_c5,8,5,.,pasillo_libre,-1,False,movimiento_por_pasillo
almacen_10x10_alta,almacen_10x10_alta_r8_c6,8,6,derecha,almacen_10x10_alta_r8_c7,8,7,.,pasillo_libre,-1,False,movimiento_por_pasillo
almacen_10x10_alta,almacen_10x10_alta_r8_c7,8,7,arriba,almacen_10x10_alta_r7_c7,7,7,.,pasillo_libre,-1,False,movimiento_por_pasillo
almacen_10x10_alta,almacen_10x10_alta_r8_c7,8,7,abajo,almacen_10x10_alta_r9_c7,9,7,.,pasillo_libre,-1,False,movimiento_por_pasillo
almacen_10x10_alta,almacen_10x10_alta_r8_c7,8,7,izquierda,almacen_10x10_alta_r8_c6,8,6,.,pasillo_libre,-1,False,movimiento_por_pasillo
almacen_10x10_alta,almacen_10x10_alta_r8_c7,8,7,derecha,almacen_10x10_alta_r8_c7,8,7,.,pasillo_libre,-5,False,choque_con_estanteria
almacen_10x10_alta,almacen_10x10_alta_r8_c9,8,9,arriba,almacen_10x10_alta_r7_c9,7,9,.,pasillo_libre,-1,False,movimiento_por_pasillo
almacen_10x10_alta,almacen_10x10_alta_r8_c9,8,9,abajo,almacen_10x10_alta_r9_c9,9,9,G,zona_entrega,100,True,llega_zona_entrega
almacen_10x10_alta,almacen_10x10_alta_r8_c9,8,9,izquierda,almacen_10x10_alta_r8_c9,8,9,.,pasillo_libre,-5,False,choque_con_estanteria
almacen_10x10_alta,almacen_10x10_alta_r8_c9,8,9,derecha,almacen_10x10_alta_r8_c9,8,9,.,pasillo_libre,-5,False,fuera_del_almacen
almacen_10x10_alta,almacen_10x10_alta_r9_c0,9,0,arriba,almacen_10x10_alta_r8_c0,8,0,.,pasillo_libre,-1,False,movimiento_por_pasillo
almacen_10x10_alta,almacen_10x10_alta_r9_c0,9,0,abajo,almacen_10x10_alta_r9_c0,9,0,.,pasillo_libre,-5,False,fuera_del_almacen
almacen_10x10_alta,almacen_10x10_alta_r9_c0,9,0,izquierda,almacen_10x10_alta_r9_c0,9,0,.,pasillo_libre,-5,False,fuera_del_almacen
almacen_10x10_alta,almacen_10x10_alta_r9_c0,9,0,derecha,almacen_10x10_alta_r9_c1,9,1,.,pasillo_libre,-1,False,movimiento_por_pasillo
almacen_10x10_alta,almacen_10x10_alta_r9_c1,9,1,arriba,almacen_10x10_alta_r9_c1,9,1,.,pasillo_libre,-5,False,choque_con_estanteria
almacen_10x10_alta,almacen_10x10_alta_r9_c1,9,1,abajo,almacen_10x10_alta_r9_c1,9,1,.,pasillo_libre,-5,False,fuera_del_almacen
almacen_10x10_alta,almacen_10x10_alta_r9_c1,9,1,izquierda,almacen_10x10_alta_r9_c0,9,0,.,pasillo_libre,-1,False,movimiento_por_pasillo
almacen_10x10_alta,almacen_10x10_alta_r9_c1,9,1,derecha,almacen_10x10_alta_r9_c2,9,2,.,pasillo_libre,-1,False,movimiento_por_pasillo
almacen_10x10_alta,almacen_10x10_alta_r9_c2,9,2,arriba,almacen_10x10_alta_r9_c2,9,2,.,pasillo_libre,-5,False,choque_con_estanteria
almacen_10x10_alta,almacen_10x10_alta_r9_c2,9,2,abajo,almacen_10x10_alta_r9_c2,9,2,.,pasillo_libre,-5,False,fuera_del_almacen
almacen_10x10_alta,almacen_10x10_alta_r9_c2,9,2,izquierda,almacen_10x10_alta_r9_c1,9,1,.,pasillo_libre,-1,False,movimiento_por_pasillo
almacen_10x10_alta,almacen_10x10_alta_r9_c2,9,2,derecha,almacen_10x10_alta_r9_c3,9,3,.,pasillo_libre,-1,False,movimiento_por_pasillo
almacen_10x10_alta,almacen_10x10_alta_r9_c3,9,3,arriba,almacen_10x10_alta_r9_c3,9,3,.,pasillo_libre,-5,False,choque_con_estanteria
almacen_10x10_alta,almacen_10x10_alta_r9_c3,9,3,abajo,almacen_10x10_alta_r9_c3,9,3,.,pasillo_libre,-5,False,fuera_del_almacen
almacen_10x10_alta,almacen_10x10_alta_r9_c3,9,3,izquierda,almacen_10x10_alta_r9_c2,9,2,.,pasillo_libre,-1,False,movimiento_por_pasillo
almacen_10x10_alta,almacen_10x10_alta_r9_c3,9,3,derecha,almacen_10x10_alta_r9_c4,9,4,.,pasillo_libre,-1,False,movimiento_por_pasillo
almacen_10x10_alta,almacen_10x10_alta_r9_c4,9,4,arriba,almacen_10x10_alta_r8_c4,8,4,.,pasillo_libre,-1,False,movimiento_por_pasillo
almacen_10x10_alta,almacen_10x10_alta_r9_c4,9,4,abajo,almacen_10x10_alta_r9_c4,9,4,.,pasillo_libre,-5,False,fuera_del_almacen
almacen_10x10_alta,almacen_10x10_alta_r9_c4,9,4,izquierda,almacen_10x10_alta_r9_c3,9,3,.,pasillo_libre,-1,False,movimiento_por_pasillo
almacen_10x10_alta,almacen_10x10_alta_r9_c4,9,4,derecha,almacen_10x10_alta_r9_c4,9,4,.,pasillo_libre,-5,False,choque_con_estanteria
almacen_10x10_alta,almacen_10x10_alta_r9_c7,9,7,arriba,almacen_10x10_alta_r8_c7,8,7,.,pasillo_libre,-1,False,movimiento_por_pasillo
almacen_10x10_alta,almacen_10x10_alta_r9_c7,9,7,abajo,almacen_10x10_alta_r9_c7,9,7,.,pasillo_libre,-5,False,fuera_del_almacen
almacen_10x10_alta,almacen_10x10_alta_r9_c7,9,7,izquierda,almacen_10x10_alta_r9_c7,9,7,.,pasillo_libre,-5,False,choque_con_estanteria
almacen_10x10_alta,almacen_10x10_alta_r9_c7,9,7,derecha,almacen_10x10_alta_r9_c8,9,8,.,pasillo_libre,-1,False,movimiento_por_pasillo
almacen_10x10_alta,almacen_10x10_alta_r9_c8,9,8,arriba,almacen_10x10_alta_r9_c8,9,8,.,pasillo_libre,-5,False,choque_con_estanteria
almacen_10x10_alta,almacen_10x10_alta_r9_c8,9,8,abajo,almacen_10x10_alta_r9_c8,9,8,.,pasillo_libre,-5,False,fuera_del_almacen
almacen_10x10_alta,almacen_10x10_alta_r9_c8,9,8,izquierda,almacen_10x10_alta_r9_c7,9,7,.,pasillo_libre,-1,False,movimiento_por_pasillo
almacen_10x10_alta,almacen_10x10_alta_r9_c8,9,8,derecha,almacen_10x10_alta_r9_c9,9,9,G,zona_entrega,100,True,llega_zona_entrega
almacen_10x10_alta,almacen_10x10_alta_r9_c9,9,9,arriba,almacen_10x10_alta_r9_c9,9,9,G,zona_entrega,0,True,estado_terminal
almacen_10x10_alta,almacen_10x10_alta_r9_c9,9,9,abajo,almacen_10x10_alta_r9_c9,9,9,G,zona_entrega,0,True,estado_terminal
almacen_10x10_alta,almacen_10x10_alta_r9_c9,9,9,izquierda,almacen_10x10_alta_r9_c9,9,9,G,zona_entrega,0,True,estado_terminal
almacen_10x10_alta,almacen_10x10_alta_r9_c9,9,9,derecha,almacen_10x10_alta_r9_c9,9,9,G,zona_entrega,0,True,estado_terminal
